quarter,group,index
2018Q1,electrical_energy,91.8709021665151
2018Q1,general_nonoil,97.451387988434
2018Q1,manufacturing,97.0446932955331
2018Q1,mining_quarrying,92.3118330776812
2018Q1,water,106.000710794243
2018Q2,electrical_energy,116.503892934479
2018Q2,general_nonoil,103.788051339843
2018Q2,manufacturing,100.80590622111
2018Q2,mining_quarrying,95.8366156684765
2018Q2,water,108.815610266165
2018Q3,electrical_energy,113.3248047571
2018Q3,general_nonoil,102.62548155055
2018Q3,manufacturing,102.110080244726
2018Q3,mining_quarrying,104.117367844563
2018Q3,water,88.9721081404645
2018Q4,electrical_energy,77.0746656929306
2018Q4,general_nonoil,95.5446231386146
2018Q4,manufacturing,99.792644335474
2018Q4,mining_quarrying,107.445165578123
2018Q4,water,91.6676905021919
2019Q1,electrical_energy,86.7546691061453
2019Q1,general_nonoil,94.6028392795371
2019Q1,manufacturing,94.7021228911076
2019Q1,mining_quarrying,92.613819616976
2019Q1,water,92.6566858810586
2019Q2,electrical_energy,119.466671776207
2019Q2,general_nonoil,99.5535177129687
2019Q2,manufacturing,95.3960651855774
2019Q2,mining_quarrying,97.3851187133229
2019Q2,water,96.3298704738621
2019Q3,electrical_energy,114.470530025889
2019Q3,general_nonoil,96.9312091970772
2019Q3,manufacturing,94.1263351140102
2019Q3,mining_quarrying,96.3715073292368
2019Q3,water,78.3522833293104
2019Q4,electrical_energy,82.6160515505497
2019Q4,general_nonoil,89.9620890067878
2019Q4,manufacturing,91.0601350078648
2019Q4,mining_quarrying,92.1554269080511
2019Q4,water,88.9373920665211
2020Q1,electrical_energy,88.3821650035761
2020Q1,general_nonoil,91.2811027679483
2020Q1,manufacturing,89.2736508953451
2020Q1,mining_quarrying,93.6968488517582
2020Q1,water,96.0582351056088
2020Q2,electrical_energy,118.079871612753
2020Q2,general_nonoil,95.0932337069948
2020Q2,manufacturing,78.0320284404115
2020Q2,mining_quarrying,68.5046125532448
2020Q2,water,91.0902640751818
2020Q3,electrical_energy,115.620658494077
2020Q3,general_nonoil,94.6821574151839
2020Q3,manufacturing,82.3588577081418
2020Q3,mining_quarrying,67.1702107996235
2020Q3,water,90.6514250018536
2020Q4,electrical_energy,82.0621488576896
2020Q4,general_nonoil,89.8792170229908
2020Q4,manufacturing,83.9435609956131
2020Q4,mining_quarrying,70.7282431225402
2020Q4,water,83.5032688215463
2021Q1,electrical_energy,89.1797558575384
2021Q1,general_nonoil,95.5496579436995
2021Q1,manufacturing,92.482317017712
2021Q1,mining_quarrying,77.6621416729936
2021Q1,water,85.9861724310045
2021Q2,electrical_energy,112.24932733711
2021Q2,general_nonoil,105.498713189589
2021Q2,manufacturing,99.6807277059624
2021Q2,mining_quarrying,92.3061544313936
2021Q2,water,96.5669455770919
2021Q3,electrical_energy,118.961782603251
2021Q3,general_nonoil,109.734491017157
2021Q3,manufacturing,105.721314907099
2021Q3,mining_quarrying,100.48922973956
2021Q3,water,95.3280021322993
2021Q4,electrical_energy,90.3993862649361
2021Q4,general_nonoil,111.093249313729
2021Q4,manufacturing,114.135678439867
2021Q4,mining_quarrying,105.461708307653
2021Q4,water,117.497805069983
2022Q1,electrical_energy,97.2846060922468
2022Q1,general_nonoil,117.269530968481
2022Q1,manufacturing,121.924554320948
2022Q1,mining_quarrying,112.100325448634
2022Q1,water,92.0924589177448
2022Q2,electrical_energy,124.365141409185
2022Q2,general_nonoil,124.898039036339
2022Q2,manufacturing,129.612902638923
2022Q2,mining_quarrying,130.973485784522
2022Q2,water,96.5143695727725
2022Q3,electrical_energy,123.432414719675
2022Q3,general_nonoil,120.625452257486
2022Q3,manufacturing,122.787480289463
2022Q3,mining_quarrying,139.042396326962
2022Q3,water,96.1017526321288
2022Q4,electrical_energy,94.6004053756926
2022Q4,general_nonoil,116.285340018089
2022Q4,manufacturing,121.1
2022Q4,mining_quarrying,126.987859995881
2022Q4,water,91.1270311655354
2023Q1,electrical_energy,97.2285436469208
2023Q1,general_nonoil,105.671415951666
2023Q1,manufacturing,112.224160414848
2023Q1,mining_quarrying,114.802714450385
2023Q1,water,91.0404138656198
2023Q2,electrical_energy,123.156498125223
2023Q2,general_nonoil,109.671951104519
2023Q2,manufacturing,107.635794474422
2023Q2,mining_quarrying,110.857176870559
2023Q2,water,95.4253153734021
2023Q3,electrical_energy,126.951208747943
2023Q3,general_nonoil,108.665166265249
2023Q3,manufacturing,111.076847062278
2023Q3,mining_quarrying,115.350544122783
2023Q3,water,98.0467344108269
2023Q4,electrical_energy,90.0335221475193
2023Q4,general_nonoil,103.027524692699
2023Q4,manufacturing,110.1
2023Q4,mining_quarrying,117.5
2023Q4,water,92.6799475242655
2024Q1,electrical_energy,97.7101428279597
2024Q1,general_nonoil,104.050496855999
2024Q1,manufacturing,109.259380929219
2024Q1,mining_quarrying,113.156661305355
2024Q1,water,96.1182514266283
2024Q2,electrical_energy,125.903951565852
2024Q2,general_nonoil,109.887358419566
2024Q2,manufacturing,108.225188198603
2024Q2,mining_quarrying,116.672734852907
2024Q2,water,100.663453427802
2024Q3,electrical_energy,118.045372854802
2024Q3,general_nonoil,107.985832082341
2024Q3,manufacturing,106.073050530247
2024Q3,mining_quarrying,120.303420986127
2024Q3,water,96.3663573943499
2024Q4,electrical_energy,85.352819320943
2024Q4,general_nonoil,101.363661291465
2024Q4,manufacturing,104.56025955524
2024Q4,mining_quarrying,120.363284075153
2024Q4,water,88.6411919542047
2025Q1,electrical_energy,104.361418446394
2025Q1,general_nonoil,105.557645008022
2025Q1,manufacturing,105.093756597912
2025Q1,mining_quarrying,123.303261985592
2025Q1,water,101.554258782104
2025Q2,electrical_energy,119.029534865728
2025Q2,general_nonoil,104.36301113301
2025Q2,manufacturing,99.2030294240621
2025Q2,mining_quarrying,118.106440500882
2025Q2,water,95.6461573180785
2025Q3,electrical_energy,122.130775433458
2025Q3,general_nonoil,106.598567273411
2025Q3,manufacturing,101.783916381685
2025Q3,mining_quarrying,113.925627622712
2025Q3,water,102.320927265137
2025Q4,electrical_energy,112.637240938375
2025Q4,general_nonoil,104.447236558875
2025Q4,manufacturing,100.09975687705
2025Q4,mining_quarrying,113.379663548126
2025Q4,water,112.824453580827
2026Q1,electrical_energy,104.310724459607
2026Q1,general_nonoil,108.820388005394
2026Q1,manufacturing,113.85989932529
2026Q1,mining_quarrying,109.362580912664
2026Q1,water,97.1557669322018
