month,group,index
2013-01,alcoholic_beverages_tobacco_and_narcotics,76.66666666666667
2013-01,clothing_and_footwear,101.40280561122245
2013-01,communication,103.56394129979034
2013-01,education,80.59701492537313
2013-01,food_and_non_alcoholic_beverages,99.41348973607039
2013-01,furnishings_household_equipment_and_routine_household_maintenance,89.44591029023746
2013-01,general,95.08970727101037
2013-01,health,92.18749999999999
2013-01,housing_water_electricity_gas_and_other_fuels,95.32888465204955
2013-01,miscellaneous_goods_and_services,97.7648202137998
2013-01,recreation_and_culture,101.11788617886178
2013-01,restaurants_and_hotels,97.57986447241046
2013-01,transport,87.32638888888887
2013-02,alcoholic_beverages_tobacco_and_narcotics,76.74242424242424
2013-02,clothing_and_footwear,101.80360721442885
2013-02,communication,103.56394129979034
2013-02,education,80.59701492537313
2013-02,food_and_non_alcoholic_beverages,99.31573802541544
2013-02,furnishings_household_equipment_and_routine_household_maintenance,89.27000879507476
2013-02,general,95.08970727101037
2013-02,health,92.18749999999999
2013-02,housing_water_electricity_gas_and_other_fuels,95.32888465204955
2013-02,miscellaneous_goods_and_services,97.667638483965
2013-02,recreation_and_culture,101.11788617886178
2013-02,restaurants_and_hotels,97.57986447241046
2013-02,transport,87.49999999999999
2013-03,alcoholic_beverages_tobacco_and_narcotics,76.74242424242424
2013-03,clothing_and_footwear,102.10420841683367
2013-03,communication,103.56394129979034
2013-03,education,80.59701492537313
2013-03,food_and_non_alcoholic_beverages,98.82697947214076
2013-03,furnishings_household_equipment_and_routine_household_maintenance,89.3579595426561
2013-03,general,94.90084985835692
2013-03,health,92.18749999999999
2013-03,housing_water_electricity_gas_and_other_fuels,95.32888465204955
2013-03,miscellaneous_goods_and_services,97.667638483965
2013-03,recreation_and_culture,100.10162601626016
2013-03,restaurants_and_hotels,97.57986447241046
2013-03,transport,87.15277777777777
2013-04,alcoholic_beverages_tobacco_and_narcotics,76.81818181818181
2013-04,clothing_and_footwear,101.20240480961924
2013-04,communication,103.56394129979034
2013-04,education,80.59701492537313
2013-04,food_and_non_alcoholic_beverages,97.94721407624634
2013-04,furnishings_household_equipment_and_routine_household_maintenance,89.53386103781882
2013-04,general,94.71199244570347
2013-04,health,93.19852941176471
2013-04,housing_water_electricity_gas_and_other_fuels,95.32888465204955
2013-04,miscellaneous_goods_and_services,97.47327502429542
2013-04,recreation_and_culture,100.20325203252031
2013-04,restaurants_and_hotels,97.57986447241046
2013-04,transport,87.23958333333333
2013-05,alcoholic_beverages_tobacco_and_narcotics,76.81818181818181
2013-05,clothing_and_footwear,102.20440881763527
2013-05,communication,103.56394129979034
2013-05,education,80.59701492537313
2013-05,food_and_non_alcoholic_beverages,98.53372434017597
2013-05,furnishings_household_equipment_and_routine_household_maintenance,89.53386103781882
2013-05,general,94.99527856468364
2013-05,health,93.19852941176471
2013-05,housing_water_electricity_gas_and_other_fuels,95.32888465204955
2013-05,miscellaneous_goods_and_services,97.47327502429542
2013-05,recreation_and_culture,101.21951219512194
2013-05,restaurants_and_hotels,97.57986447241046
2013-05,transport,87.58680555555556
2013-06,alcoholic_beverages_tobacco_and_narcotics,76.96969696969697
2013-06,clothing_and_footwear,102.00400801603206
2013-06,communication,103.56394129979034
2013-06,education,80.59701492537313
2013-06,food_and_non_alcoholic_beverages,99.41348973607039
2013-06,furnishings_household_equipment_and_routine_household_maintenance,89.53386103781882
2013-06,general,95.18413597733709
2013-06,health,93.19852941176471
2013-06,housing_water_electricity_gas_and_other_fuels,95.32888465204955
2013-06,miscellaneous_goods_and_services,97.27891156462583
2013-06,recreation_and_culture,101.21951219512194
2013-06,restaurants_and_hotels,97.57986447241046
2013-06,transport,87.58680555555556
2013-07,alcoholic_beverages_tobacco_and_narcotics,76.89393939393939
2013-07,clothing_and_footwear,102.40480961923848
2013-07,communication,103.56394129979034
2013-07,education,80.59701492537313
2013-07,food_and_non_alcoholic_beverages,102.54154447702837
2013-07,furnishings_household_equipment_and_routine_household_maintenance,89.70976253298153
2013-07,general,95.93956562795087
2013-07,health,93.47426470588235
2013-07,housing_water_electricity_gas_and_other_fuels,95.4242135367016
2013-07,miscellaneous_goods_and_services,97.47327502429542
2013-07,recreation_and_culture,99.89837398373983
2013-07,restaurants_and_hotels,97.87028073572121
2013-07,transport,87.58680555555556
2013-08,alcoholic_beverages_tobacco_and_narcotics,77.04545454545455
2013-08,clothing_and_footwear,102.40480961923848
2013-08,communication,103.56394129979034
2013-08,education,80.59701492537313
2013-08,food_and_non_alcoholic_beverages,101.95503421309874
2013-08,furnishings_household_equipment_and_routine_household_maintenance,89.79771328056287
2013-08,general,95.84513692162416
2013-08,health,93.47426470588235
2013-08,housing_water_electricity_gas_and_other_fuels,96.09151572926595
2013-08,miscellaneous_goods_and_services,97.47327502429542
2013-08,recreation_and_culture,99.89837398373983
2013-08,restaurants_and_hotels,98.06389157792837
2013-08,transport,86.54513888888889
2013-09,alcoholic_beverages_tobacco_and_narcotics,77.12121212121211
2013-09,clothing_and_footwear,102.40480961923848
2013-09,communication,103.56394129979034
2013-09,education,80.59701492537313
2013-09,food_and_non_alcoholic_beverages,101.75953079178886
2013-09,furnishings_household_equipment_and_routine_household_maintenance,89.70976253298153
2013-09,general,95.84513692162416
2013-09,health,93.47426470588235
2013-09,housing_water_electricity_gas_and_other_fuels,96.5681601525262
2013-09,miscellaneous_goods_and_services,97.37609329446063
2013-09,recreation_and_culture,100.30487804878048
2013-09,restaurants_and_hotels,97.96708615682479
2013-09,transport,86.45833333333331
2013-10,alcoholic_beverages_tobacco_and_narcotics,76.96969696969697
2013-10,clothing_and_footwear,102.20440881763527
2013-10,communication,98.63731656184486
2013-10,education,85.62450903377848
2013-10,food_and_non_alcoholic_beverages,101.564027370479
2013-10,furnishings_household_equipment_and_routine_household_maintenance,90.9410729991205
2013-10,general,95.84513692162416
2013-10,health,94.2095588235294
2013-10,housing_water_electricity_gas_and_other_fuels,96.66348903717825
2013-10,miscellaneous_goods_and_services,97.37609329446063
2013-10,recreation_and_culture,100.40650406504064
2013-10,restaurants_and_hotels,98.4511132623427
2013-10,transport,86.80555555555554
2013-11,alcoholic_beverages_tobacco_and_narcotics,77.04545454545455
2013-11,clothing_and_footwear,102.20440881763527
2013-11,communication,98.63731656184486
2013-11,education,85.62450903377848
2013-11,food_and_non_alcoholic_beverages,101.75953079178886
2013-11,furnishings_household_equipment_and_routine_household_maintenance,90.76517150395779
2013-11,general,95.93956562795087
2013-11,health,94.2095588235294
2013-11,housing_water_electricity_gas_and_other_fuels,96.5681601525262
2013-11,miscellaneous_goods_and_services,97.27891156462583
2013-11,recreation_and_culture,100.40650406504064
2013-11,restaurants_and_hotels,98.4511132623427
2013-11,transport,87.49999999999999
2013-12,alcoholic_beverages_tobacco_and_narcotics,77.04545454545455
2013-12,clothing_and_footwear,102.10420841683367
2013-12,communication,98.84696016771487
2013-12,education,85.62450903377848
2013-12,food_and_non_alcoholic_beverages,102.44379276637342
2013-12,furnishings_household_equipment_and_routine_household_maintenance,90.85312225153913
2013-12,general,96.03399433427761
2013-12,health,94.2095588235294
2013-12,housing_water_electricity_gas_and_other_fuels,96.66348903717825
2013-12,miscellaneous_goods_and_services,97.27891156462583
2013-12,recreation_and_culture,100.20325203252031
2013-12,restaurants_and_hotels,98.4511132623427
2013-12,transport,86.97916666666666
2014-01,alcoholic_beverages_tobacco_and_narcotics,77.27272727272727
2014-01,clothing_and_footwear,102.30460921843687
2014-01,communication,98.84696016771487
2014-01,education,85.62450903377848
2014-01,food_and_non_alcoholic_beverages,103.22580645161291
2014-01,furnishings_household_equipment_and_routine_household_maintenance,90.67722075637643
2014-01,general,96.22285174693106
2014-01,health,95.40441176470587
2014-01,housing_water_electricity_gas_and_other_fuels,96.66348903717825
2014-01,miscellaneous_goods_and_services,97.47327502429542
2014-01,recreation_and_culture,100.60975609756096
2014-01,restaurants_and_hotels,98.74152952565345
2014-01,transport,86.63194444444443
2014-02,alcoholic_beverages_tobacco_and_narcotics,77.27272727272727
2014-02,clothing_and_footwear,102.40480961923848
2014-02,communication,98.84696016771487
2014-02,education,85.62450903377848
2014-02,food_and_non_alcoholic_beverages,101.46627565982405
2014-02,furnishings_household_equipment_and_routine_household_maintenance,90.58927000879507
2014-02,general,95.65627950897071
2014-02,health,95.40441176470587
2014-02,housing_water_electricity_gas_and_other_fuels,96.66348903717825
2014-02,miscellaneous_goods_and_services,97.57045675413022
2014-02,recreation_and_culture,100.60975609756096
2014-02,restaurants_and_hotels,98.74152952565345
2014-02,transport,86.1111111111111
2014-03,alcoholic_beverages_tobacco_and_narcotics,77.27272727272727
2014-03,clothing_and_footwear,102.40480961923848
2014-03,communication,98.84696016771487
2014-03,education,85.62450903377848
2014-03,food_and_non_alcoholic_beverages,101.17302052785925
2014-03,furnishings_household_equipment_and_routine_household_maintenance,90.67722075637643
2014-03,general,95.65627950897071
2014-03,health,95.40441176470587
2014-03,housing_water_electricity_gas_and_other_fuels,96.66348903717825
2014-03,miscellaneous_goods_and_services,97.57045675413022
2014-03,recreation_and_culture,100.60975609756096
2014-03,restaurants_and_hotels,98.74152952565345
2014-03,transport,86.02430555555554
2014-04,alcoholic_beverages_tobacco_and_narcotics,77.1969696969697
2014-04,clothing_and_footwear,102.30460921843687
2014-04,communication,103.77358490566037
2014-04,education,85.70306362922231
2014-04,food_and_non_alcoholic_beverages,100.48875855327469
2014-04,furnishings_household_equipment_and_routine_household_maintenance,96.21811785400176
2014-04,general,96.22285174693106
2014-04,health,98.80514705882352
2014-04,housing_water_electricity_gas_and_other_fuels,96.85414680648235
2014-04,miscellaneous_goods_and_services,97.57045675413022
2014-04,recreation_and_culture,100.40650406504064
2014-04,restaurants_and_hotels,98.83833494675702
2014-04,transport,86.80555555555554
2014-05,alcoholic_beverages_tobacco_and_narcotics,77.1969696969697
2014-05,clothing_and_footwear,102.20440881763527
2014-05,communication,103.77358490566037
2014-05,education,85.70306362922231
2014-05,food_and_non_alcoholic_beverages,101.17302052785925
2014-05,furnishings_household_equipment_and_routine_household_maintenance,96.1301671064204
2014-05,general,96.41170915958449
2014-05,health,98.80514705882352
2014-05,housing_water_electricity_gas_and_other_fuels,96.9494756911344
2014-05,miscellaneous_goods_and_services,97.57045675413022
2014-05,recreation_and_culture,100.30487804878048
2014-05,restaurants_and_hotels,98.74152952565345
2014-05,transport,87.06597222222221
2014-06,alcoholic_beverages_tobacco_and_narcotics,77.1969696969697
2014-06,clothing_and_footwear,102.20440881763527
2014-06,communication,103.77358490566037
2014-06,education,85.70306362922231
2014-06,food_and_non_alcoholic_beverages,101.564027370479
2014-06,furnishings_household_equipment_and_routine_household_maintenance,96.1301671064204
2014-06,general,96.31728045325778
2014-06,health,98.80514705882352
2014-06,housing_water_electricity_gas_and_other_fuels,96.5681601525262
2014-06,miscellaneous_goods_and_services,97.47327502429542
2014-06,recreation_and_culture,100.30487804878048
2014-06,restaurants_and_hotels,98.64472410454987
2014-06,transport,86.80555555555554
2014-07,alcoholic_beverages_tobacco_and_narcotics,77.1969696969697
2014-07,clothing_and_footwear,102.30460921843687
2014-07,communication,103.66876310272536
2014-07,education,85.70306362922231
2014-07,food_and_non_alcoholic_beverages,102.44379276637342
2014-07,furnishings_household_equipment_and_routine_household_maintenance,96.21811785400176
2014-07,general,96.60056657223794
2014-07,health,98.80514705882352
2014-07,housing_water_electricity_gas_and_other_fuels,96.7588179218303
2014-07,miscellaneous_goods_and_services,97.57045675413022
2014-07,recreation_and_culture,100.30487804878048
2014-07,restaurants_and_hotels,98.74152952565345
2014-07,transport,86.63194444444443
2014-08,alcoholic_beverages_tobacco_and_narcotics,77.1969696969697
2014-08,clothing_and_footwear,101.20240480961924
2014-08,communication,103.66876310272536
2014-08,education,85.70306362922231
2014-08,food_and_non_alcoholic_beverages,103.42130987292278
2014-08,furnishings_household_equipment_and_routine_household_maintenance,96.3060686015831
2014-08,general,96.78942398489139
2014-08,health,98.80514705882352
2014-08,housing_water_electricity_gas_and_other_fuels,96.7588179218303
2014-08,miscellaneous_goods_and_services,97.57045675413022
2014-08,recreation_and_culture,100.30487804878048
2014-08,restaurants_and_hotels,99.61277831558569
2014-08,transport,86.71875
2014-09,alcoholic_beverages_tobacco_and_narcotics,77.1969696969697
2014-09,clothing_and_footwear,100.40080160320642
2014-09,communication,103.66876310272536
2014-09,education,85.70306362922231
2014-09,food_and_non_alcoholic_beverages,103.12805474095798
2014-09,furnishings_household_equipment_and_routine_household_maintenance,96.1301671064204
2014-09,general,96.69499527856468
2014-09,health,98.80514705882352
2014-09,housing_water_electricity_gas_and_other_fuels,96.85414680648235
2014-09,miscellaneous_goods_and_services,97.47327502429542
2014-09,recreation_and_culture,100.40650406504064
2014-09,restaurants_and_hotels,98.93514036786061
2014-09,transport,86.71875
2014-10,alcoholic_beverages_tobacco_and_narcotics,77.8030303030303
2014-10,clothing_and_footwear,101.20240480961924
2014-10,communication,103.66876310272536
2014-10,education,89.55223880597016
2014-10,food_and_non_alcoholic_beverages,102.6392961876833
2014-10,furnishings_household_equipment_and_routine_household_maintenance,96.39401934916447
2014-10,general,96.78942398489139
2014-10,health,98.8970588235294
2014-10,housing_water_electricity_gas_and_other_fuels,96.85414680648235
2014-10,miscellaneous_goods_and_services,97.47327502429542
2014-10,recreation_and_culture,100.40650406504064
2014-10,restaurants_and_hotels,99.12875121006778
2014-10,transport,87.23958333333333
2014-11,alcoholic_beverages_tobacco_and_narcotics,78.4090909090909
2014-11,clothing_and_footwear,101.20240480961924
2014-11,communication,103.56394129979034
2014-11,education,89.55223880597016
2014-11,food_and_non_alcoholic_beverages,102.9325513196481
2014-11,furnishings_household_equipment_and_routine_household_maintenance,96.39401934916447
2014-11,general,96.88385269121811
2014-11,health,98.8970588235294
2014-11,housing_water_electricity_gas_and_other_fuels,96.85414680648235
2014-11,miscellaneous_goods_and_services,97.47327502429542
2014-11,recreation_and_culture,100.40650406504064
2014-11,restaurants_and_hotels,99.12875121006778
2014-11,transport,87.23958333333333
2014-12,alcoholic_beverages_tobacco_and_narcotics,79.24242424242424
2014-12,clothing_and_footwear,101.10220440881764
2014-12,communication,103.56394129979034
2014-12,education,89.55223880597016
2014-12,food_and_non_alcoholic_beverages,102.6392961876833
2014-12,furnishings_household_equipment_and_routine_household_maintenance,96.1301671064204
2014-12,general,96.78942398489139
2014-12,health,98.8970588235294
2014-12,housing_water_electricity_gas_and_other_fuels,97.04480457578644
2014-12,miscellaneous_goods_and_services,97.47327502429542
2014-12,recreation_and_culture,100.40650406504064
2014-12,restaurants_and_hotels,99.0319457889642
2014-12,transport,87.23958333333333
2015-01,alcoholic_beverages_tobacco_and_narcotics,79.77272727272727
2015-01,clothing_and_footwear,101.10220440881764
2015-01,communication,103.56394129979034
2015-01,education,89.47368421052633
2015-01,food_and_non_alcoholic_beverages,101.66177908113393
2015-01,furnishings_household_equipment_and_routine_household_maintenance,96.21811785400176
2015-01,general,96.60056657223794
2015-01,health,100.91911764705881
2015-01,housing_water_electricity_gas_and_other_fuels,97.04480457578644
2015-01,miscellaneous_goods_and_services,97.57045675413022
2015-01,recreation_and_culture,100.40650406504064
2015-01,restaurants_and_hotels,99.12875121006778
2015-01,transport,86.8923611111111
2015-02,alcoholic_beverages_tobacco_and_narcotics,79.99999999999999
2015-02,clothing_and_footwear,101.10220440881764
2015-02,communication,103.56394129979034
2015-02,education,89.47368421052633
2015-02,food_and_non_alcoholic_beverages,100.78201368523949
2015-02,furnishings_household_equipment_and_routine_household_maintenance,96.21811785400176
2015-02,general,96.41170915958449
2015-02,health,100.91911764705881
2015-02,housing_water_electricity_gas_and_other_fuels,97.04480457578644
2015-02,miscellaneous_goods_and_services,97.47327502429542
2015-02,recreation_and_culture,100.40650406504064
2015-02,restaurants_and_hotels,99.22555663117136
2015-02,transport,87.06597222222221
2015-03,alcoholic_beverages_tobacco_and_narcotics,80.37878787878788
2015-03,clothing_and_footwear,101.10220440881764
2015-03,communication,103.56394129979034
2015-03,education,89.47368421052633
2015-03,food_and_non_alcoholic_beverages,100.29325513196481
2015-03,furnishings_household_equipment_and_routine_household_maintenance,96.21811785400176
2015-03,general,96.31728045325778
2015-03,health,100.91911764705881
2015-03,housing_water_electricity_gas_and_other_fuels,97.04480457578644
2015-03,miscellaneous_goods_and_services,97.37609329446063
2015-03,recreation_and_culture,100.40650406504064
2015-03,restaurants_and_hotels,99.22555663117136
2015-03,transport,87.06597222222221
2015-04,alcoholic_beverages_tobacco_and_narcotics,80.37878787878788
2015-04,clothing_and_footwear,100.90180360721443
2015-04,communication,103.56394129979034
2015-04,education,89.47368421052633
2015-04,food_and_non_alcoholic_beverages,99.21798631476052
2015-04,furnishings_household_equipment_and_routine_household_maintenance,96.21811785400176
2015-04,general,96.03399433427761
2015-04,health,101.01102941176471
2015-04,housing_water_electricity_gas_and_other_fuels,97.04480457578644
2015-04,miscellaneous_goods_and_services,97.47327502429542
2015-04,recreation_and_culture,100.40650406504064
2015-04,restaurants_and_hotels,99.22555663117136
2015-04,transport,87.15277777777777
2015-05,alcoholic_beverages_tobacco_and_narcotics,80.37878787878788
2015-05,clothing_and_footwear,100.60120240480963
2015-05,communication,103.56394129979034
2015-05,education,89.47368421052633
2015-05,food_and_non_alcoholic_beverages,99.7067448680352
2015-05,furnishings_household_equipment_and_routine_household_maintenance,96.21811785400176
2015-05,general,96.03399433427761
2015-05,health,101.01102941176471
2015-05,housing_water_electricity_gas_and_other_fuels,97.04480457578644
2015-05,miscellaneous_goods_and_services,97.47327502429542
2015-05,recreation_and_culture,100.40650406504064
2015-05,restaurants_and_hotels,99.12875121006778
2015-05,transport,86.54513888888889
2015-06,alcoholic_beverages_tobacco_and_narcotics,80.45454545454545
2015-06,clothing_and_footwear,100.50100200400801
2015-06,communication,103.56394129979034
2015-06,education,89.47368421052633
2015-06,food_and_non_alcoholic_beverages,101.46627565982405
2015-06,furnishings_household_equipment_and_routine_household_maintenance,96.48197009674583
2015-06,general,96.50613786591123
2015-06,health,101.01102941176471
2015-06,housing_water_electricity_gas_and_other_fuels,97.1401334604385
2015-06,miscellaneous_goods_and_services,97.37609329446063
2015-06,recreation_and_culture,100.30487804878048
2015-06,restaurants_and_hotels,99.0319457889642
2015-06,transport,86.80555555555554
2015-07,alcoholic_beverages_tobacco_and_narcotics,80.45454545454545
2015-07,clothing_and_footwear,100.20040080160321
2015-07,communication,103.56394129979034
2015-07,education,89.47368421052633
2015-07,food_and_non_alcoholic_beverages,103.51906158357772
2015-07,furnishings_household_equipment_and_routine_household_maintenance,96.1301671064204
2015-07,general,96.97828139754485
2015-07,health,101.56249999999999
2015-07,housing_water_electricity_gas_and_other_fuels,97.23546234509055
2015-07,miscellaneous_goods_and_services,97.37609329446063
2015-07,recreation_and_culture,100.30487804878048
2015-07,restaurants_and_hotels,99.51597289448209
2015-07,transport,87.06597222222221
2015-08,alcoholic_beverages_tobacco_and_narcotics,80.45454545454545
2015-08,clothing_and_footwear,101.10220440881764
2015-08,communication,103.56394129979034
2015-08,education,89.47368421052633
2015-08,food_and_non_alcoholic_beverages,102.54154447702837
2015-08,furnishings_household_equipment_and_routine_household_maintenance,96.48197009674583
2015-08,general,96.88385269121811
2015-08,health,101.56249999999999
2015-08,housing_water_electricity_gas_and_other_fuels,97.23546234509055
2015-08,miscellaneous_goods_and_services,97.27891156462583
2015-08,recreation_and_culture,100.30487804878048
2015-08,restaurants_and_hotels,100.0968054211036
2015-08,transport,86.97916666666666
2015-09,alcoholic_beverages_tobacco_and_narcotics,80.45454545454545
2015-09,clothing_and_footwear,100.60120240480963
2015-09,communication,103.56394129979034
2015-09,education,89.47368421052633
2015-09,food_and_non_alcoholic_beverages,101.95503421309874
2015-09,furnishings_household_equipment_and_routine_household_maintenance,96.21811785400176
2015-09,general,96.60056657223794
2015-09,health,101.56249999999999
2015-09,housing_water_electricity_gas_and_other_fuels,97.23546234509055
2015-09,miscellaneous_goods_and_services,97.27891156462583
2015-09,recreation_and_culture,100.30487804878048
2015-09,restaurants_and_hotels,99.12875121006778
2015-09,transport,86.45833333333331
2015-10,alcoholic_beverages_tobacco_and_narcotics,80.45454545454545
2015-10,clothing_and_footwear,100.70140280561122
2015-10,communication,100.41928721174003
2015-10,education,92.2230950510605
2015-10,food_and_non_alcoholic_beverages,101.27077223851418
2015-10,furnishings_household_equipment_and_routine_household_maintenance,96.56992084432717
2015-10,general,96.41170915958449
2015-10,health,101.83823529411764
2015-10,housing_water_electricity_gas_and_other_fuels,97.42612011439465
2015-10,miscellaneous_goods_and_services,97.27891156462583
2015-10,recreation_and_culture,100.30487804878048
2015-10,restaurants_and_hotels,99.12875121006778
2015-10,transport,86.45833333333331
2015-11,alcoholic_beverages_tobacco_and_narcotics,80.45454545454545
2015-11,clothing_and_footwear,101.10220440881764
2015-11,communication,100.41928721174003
2015-11,education,92.2230950510605
2015-11,food_and_non_alcoholic_beverages,101.46627565982405
2015-11,furnishings_household_equipment_and_routine_household_maintenance,96.21811785400176
2015-11,general,96.31728045325778
2015-11,health,101.83823529411764
2015-11,housing_water_electricity_gas_and_other_fuels,97.42612011439465
2015-11,miscellaneous_goods_and_services,97.18172983479104
2015-11,recreation_and_culture,100.30487804878048
2015-11,restaurants_and_hotels,99.12875121006778
2015-11,transport,86.19791666666666
2015-12,alcoholic_beverages_tobacco_and_narcotics,80.68181818181817
2015-12,clothing_and_footwear,101.00200400801603
2015-12,communication,103.45911949685534
2015-12,education,92.2230950510605
2015-12,food_and_non_alcoholic_beverages,102.44379276637342
2015-12,furnishings_household_equipment_and_routine_household_maintenance,96.21811785400176
2015-12,general,96.69499527856468
2015-12,health,101.83823529411764
2015-12,housing_water_electricity_gas_and_other_fuels,97.42612011439465
2015-12,miscellaneous_goods_and_services,97.27891156462583
2015-12,recreation_and_culture,100.20325203252031
2015-12,restaurants_and_hotels,99.12875121006778
2015-12,transport,85.85069444444444
2016-01,alcoholic_beverages_tobacco_and_narcotics,80.68181818181817
2016-01,clothing_and_footwear,101.20240480961924
2016-01,communication,103.45911949685534
2016-01,education,92.2230950510605
2016-01,food_and_non_alcoholic_beverages,100.78201368523949
2016-01,furnishings_household_equipment_and_routine_household_maintenance,97.00967458223394
2016-01,general,96.78942398489139
2016-01,health,102.38970588235294
2016-01,housing_water_electricity_gas_and_other_fuels,97.42612011439465
2016-01,miscellaneous_goods_and_services,97.18172983479104
2016-01,recreation_and_culture,100.20325203252031
2016-01,restaurants_and_hotels,99.32236205227493
2016-01,transport,87.93402777777777
2016-02,alcoholic_beverages_tobacco_and_narcotics,80.68181818181817
2016-02,clothing_and_footwear,101.10220440881764
2016-02,communication,103.45911949685534
2016-02,education,92.2230950510605
2016-02,food_and_non_alcoholic_beverages,99.41348973607039
2016-02,furnishings_household_equipment_and_routine_household_maintenance,96.65787159190853
2016-02,general,96.69499527856468
2016-02,health,102.38970588235294
2016-02,housing_water_electricity_gas_and_other_fuels,97.5214489990467
2016-02,miscellaneous_goods_and_services,97.37609329446063
2016-02,recreation_and_culture,100.10162601626016
2016-02,restaurants_and_hotels,99.41916747337852
2016-02,transport,89.06249999999999
2016-03,alcoholic_beverages_tobacco_and_narcotics,80.68181818181817
2016-03,clothing_and_footwear,100.70140280561122
2016-03,communication,103.45911949685534
2016-03,education,92.2230950510605
2016-03,food_and_non_alcoholic_beverages,98.92473118279571
2016-03,furnishings_household_equipment_and_routine_household_maintenance,97.00967458223394
2016-03,general,96.41170915958449
2016-03,health,102.38970588235294
2016-03,housing_water_electricity_gas_and_other_fuels,97.5214489990467
2016-03,miscellaneous_goods_and_services,97.47327502429542
2016-03,recreation_and_culture,100.10162601626016
2016-03,restaurants_and_hotels,99.41916747337852
2016-03,transport,88.19444444444443
2016-04,alcoholic_beverages_tobacco_and_narcotics,80.75757575757575
2016-04,clothing_and_footwear,101.20240480961924
2016-04,communication,103.35429769392032
2016-04,education,92.2230950510605
2016-04,food_and_non_alcoholic_beverages,99.21798631476052
2016-04,furnishings_household_equipment_and_routine_household_maintenance,96.48197009674583
2016-04,general,97.1671388101983
2016-04,health,102.48161764705881
2016-04,housing_water_electricity_gas_and_other_fuels,98.093422306959
2016-04,miscellaneous_goods_and_services,97.57045675413022
2016-04,recreation_and_culture,100.0
2016-04,restaurants_and_hotels,99.41916747337852
2016-04,transport,90.625
2016-05,alcoholic_beverages_tobacco_and_narcotics,80.75757575757575
2016-05,clothing_and_footwear,101.00200400801603
2016-05,communication,103.24947589098532
2016-05,education,92.2230950510605
2016-05,food_and_non_alcoholic_beverages,99.02248289345064
2016-05,furnishings_household_equipment_and_routine_household_maintenance,97.00967458223394
2016-05,general,97.07271010387156
2016-05,health,102.48161764705881
2016-05,housing_water_electricity_gas_and_other_fuels,98.093422306959
2016-05,miscellaneous_goods_and_services,97.667638483965
2016-05,recreation_and_culture,100.0
2016-05,restaurants_and_hotels,99.22555663117136
2016-05,transport,90.7986111111111
2016-06,alcoholic_beverages_tobacco_and_narcotics,80.75757575757575
2016-06,clothing_and_footwear,100.10020040080161
2016-06,communication,103.24947589098532
2016-06,education,92.2230950510605
2016-06,food_and_non_alcoholic_beverages,99.80449657869013
2016-06,furnishings_household_equipment_and_routine_household_maintenance,96.56992084432717
2016-06,general,98.0169971671388
2016-06,health,102.48161764705881
2016-06,housing_water_electricity_gas_and_other_fuels,98.093422306959
2016-06,miscellaneous_goods_and_services,97.667638483965
2016-06,recreation_and_culture,100.0
2016-06,restaurants_and_hotels,99.12875121006778
2016-06,transport,94.44444444444443
2016-07,alcoholic_beverages_tobacco_and_narcotics,80.75757575757575
2016-07,clothing_and_footwear,100.50100200400801
2016-07,communication,103.24947589098532
2016-07,education,92.2230950510605
2016-07,food_and_non_alcoholic_beverages,101.27077223851418
2016-07,furnishings_household_equipment_and_routine_household_maintenance,96.56992084432717
2016-07,general,98.30028328611895
2016-07,health,102.48161764705881
2016-07,housing_water_electricity_gas_and_other_fuels,98.093422306959
2016-07,miscellaneous_goods_and_services,97.7648202137998
2016-07,recreation_and_culture,99.89837398373983
2016-07,restaurants_and_hotels,99.80638915779284
2016-07,transport,93.9236111111111
2016-08,alcoholic_beverages_tobacco_and_narcotics,80.75757575757575
2016-08,clothing_and_footwear,100.40080160320642
2016-08,communication,103.24947589098532
2016-08,education,92.2230950510605
2016-08,food_and_non_alcoholic_beverages,101.36852394916912
2016-08,furnishings_household_equipment_and_routine_household_maintenance,97.0976253298153
2016-08,general,98.20585457979224
2016-08,health,102.48161764705881
2016-08,housing_water_electricity_gas_and_other_fuels,97.99809342230694
2016-08,miscellaneous_goods_and_services,97.7648202137998
2016-08,recreation_and_culture,99.89837398373983
2016-08,restaurants_and_hotels,99.90319457889643
2016-08,transport,93.22916666666666
2016-09,alcoholic_beverages_tobacco_and_narcotics,80.75757575757575
2016-09,clothing_and_footwear,100.20040080160321
2016-09,communication,103.24947589098532
2016-09,education,92.2230950510605
2016-09,food_and_non_alcoholic_beverages,101.17302052785925
2016-09,furnishings_household_equipment_and_routine_household_maintenance,97.0976253298153
2016-09,general,97.82813975448535
2016-09,health,102.48161764705881
2016-09,housing_water_electricity_gas_and_other_fuels,97.99809342230694
2016-09,miscellaneous_goods_and_services,97.667638483965
2016-09,recreation_and_culture,99.79674796747967
2016-09,restaurants_and_hotels,99.51597289448209
2016-09,transport,92.18749999999999
2016-10,alcoholic_beverages_tobacco_and_narcotics,98.25757575757575
2016-10,clothing_and_footwear,100.60120240480963
2016-10,communication,100.31446540880502
2016-10,education,94.815396700707
2016-10,food_and_non_alcoholic_beverages,101.36852394916912
2016-10,furnishings_household_equipment_and_routine_household_maintenance,97.44942832014071
2016-10,general,98.30028328611895
2016-10,health,102.48161764705881
2016-10,housing_water_electricity_gas_and_other_fuels,97.99809342230694
2016-10,miscellaneous_goods_and_services,97.667638483965
2016-10,recreation_and_culture,99.79674796747967
2016-10,restaurants_and_hotels,99.51597289448209
2016-10,transport,94.44444444444443
2016-11,alcoholic_beverages_tobacco_and_narcotics,98.33333333333334
2016-11,clothing_and_footwear,100.10020040080161
2016-11,communication,100.31446540880502
2016-11,education,94.815396700707
2016-11,food_and_non_alcoholic_beverages,100.19550342130988
2016-11,furnishings_household_equipment_and_routine_household_maintenance,96.83377308707124
2016-11,general,98.11142587346552
2016-11,health,102.48161764705881
2016-11,housing_water_electricity_gas_and_other_fuels,97.99809342230694
2016-11,miscellaneous_goods_and_services,97.667638483965
2016-11,recreation_and_culture,99.79674796747967
2016-11,restaurants_and_hotels,99.61277831558569
2016-11,transport,94.96527777777777
2016-12,alcoholic_beverages_tobacco_and_narcotics,98.33333333333334
2016-12,clothing_and_footwear,100.60120240480963
2016-12,communication,100.31446540880502
2016-12,education,94.815396700707
2016-12,food_and_non_alcoholic_beverages,99.51124144672532
2016-12,furnishings_household_equipment_and_routine_household_maintenance,96.83377308707124
2016-12,general,97.73371104815863
2016-12,health,102.48161764705881
2016-12,housing_water_electricity_gas_and_other_fuels,97.99809342230694
2016-12,miscellaneous_goods_and_services,97.47327502429542
2016-12,recreation_and_culture,99.79674796747967
2016-12,restaurants_and_hotels,99.61277831558569
2016-12,transport,93.9236111111111
2017-01,alcoholic_beverages_tobacco_and_narcotics,98.33333333333334
2017-01,clothing_and_footwear,100.50100200400801
2017-01,communication,100.31446540880502
2017-01,education,94.815396700707
2017-01,food_and_non_alcoholic_beverages,98.72922776148583
2017-01,furnishings_household_equipment_and_routine_household_maintenance,98.32893579595427
2017-01,general,98.4891406987724
2017-01,health,102.29779411764704
2017-01,housing_water_electricity_gas_and_other_fuels,99.42802669208768
2017-01,miscellaneous_goods_and_services,99.02818270165209
2017-01,recreation_and_culture,100.60975609756096
2017-01,restaurants_and_hotels,99.70958373668927
2017-01,transport,95.83333333333333
2017-02,alcoholic_beverages_tobacco_and_narcotics,99.46969696969697
2017-02,clothing_and_footwear,100.70140280561122
2017-02,communication,100.31446540880502
2017-02,education,94.815396700707
2017-02,food_and_non_alcoholic_beverages,99.31573802541544
2017-02,furnishings_household_equipment_and_routine_household_maintenance,98.50483729111697
2017-02,general,98.96128423040602
2017-02,health,102.29779411764704
2017-02,housing_water_electricity_gas_and_other_fuels,99.52335557673975
2017-02,miscellaneous_goods_and_services,99.02818270165209
2017-02,recreation_and_culture,100.60975609756096
2017-02,restaurants_and_hotels,99.70958373668927
2017-02,transport,97.39583333333333
2017-03,alcoholic_beverages_tobacco_and_narcotics,100.37878787878788
2017-03,clothing_and_footwear,100.70140280561122
2017-03,communication,100.31446540880502
2017-03,education,94.815396700707
2017-03,food_and_non_alcoholic_beverages,99.31573802541544
2017-03,furnishings_household_equipment_and_routine_household_maintenance,98.50483729111697
2017-03,general,99.15014164305947
2017-03,health,102.29779411764704
2017-03,housing_water_electricity_gas_and_other_fuels,99.6186844613918
2017-03,miscellaneous_goods_and_services,99.02818270165209
2017-03,recreation_and_culture,100.60975609756096
2017-03,restaurants_and_hotels,99.80638915779284
2017-03,transport,97.74305555555554
2017-04,alcoholic_beverages_tobacco_and_narcotics,100.37878787878788
2017-04,clothing_and_footwear,100.80160320641282
2017-04,communication,100.31446540880502
2017-04,education,94.815396700707
2017-04,food_and_non_alcoholic_beverages,99.12023460410559
2017-04,furnishings_household_equipment_and_routine_household_maintenance,99.38434476693052
2017-04,general,98.86685552407931
2017-04,health,102.94117647058823
2017-04,housing_water_electricity_gas_and_other_fuels,99.6186844613918
2017-04,miscellaneous_goods_and_services,99.02818270165209
2017-04,recreation_and_culture,100.60975609756096
2017-04,restaurants_and_hotels,99.61277831558569
2017-04,transport,96.61458333333331
2017-05,alcoholic_beverages_tobacco_and_narcotics,100.07575757575756
2017-05,clothing_and_footwear,100.70140280561122
2017-05,communication,100.31446540880502
2017-05,education,94.815396700707
2017-05,food_and_non_alcoholic_beverages,99.02248289345064
2017-05,furnishings_household_equipment_and_routine_household_maintenance,99.38434476693052
2017-05,general,99.05571293673276
2017-05,health,102.94117647058823
2017-05,housing_water_electricity_gas_and_other_fuels,99.6186844613918
2017-05,miscellaneous_goods_and_services,99.02818270165209
2017-05,recreation_and_culture,100.20325203252031
2017-05,restaurants_and_hotels,99.61277831558569
2017-05,transport,97.56944444444444
2017-06,alcoholic_beverages_tobacco_and_narcotics,100.0
2017-06,clothing_and_footwear,100.40080160320642
2017-06,communication,100.31446540880502
2017-06,education,94.815396700707
2017-06,food_and_non_alcoholic_beverages,100.68426197458456
2017-06,furnishings_household_equipment_and_routine_household_maintenance,99.38434476693052
2017-06,general,98.86685552407931
2017-06,health,102.94117647058823
2017-06,housing_water_electricity_gas_and_other_fuels,99.42802669208768
2017-06,miscellaneous_goods_and_services,99.02818270165209
2017-06,recreation_and_culture,100.20325203252031
2017-06,restaurants_and_hotels,99.51597289448209
2017-06,transport,95.05208333333333
2017-07,alcoholic_beverages_tobacco_and_narcotics,100.07575757575756
2017-07,clothing_and_footwear,100.40080160320642
2017-07,communication,100.31446540880502
2017-07,education,94.815396700707
2017-07,food_and_non_alcoholic_beverages,101.95503421309874
2017-07,furnishings_household_equipment_and_routine_household_maintenance,100.43975373790677
2017-07,general,98.96128423040602
2017-07,health,102.94117647058823
2017-07,housing_water_electricity_gas_and_other_fuels,99.42802669208768
2017-07,miscellaneous_goods_and_services,99.02818270165209
2017-07,recreation_and_culture,100.20325203252031
2017-07,restaurants_and_hotels,99.90319457889643
2017-07,transport,93.74999999999999
2017-08,alcoholic_beverages_tobacco_and_narcotics,102.04545454545453
2017-08,clothing_and_footwear,99.09819639278558
2017-08,communication,99.89517819706498
2017-08,education,100.54988216810685
2017-08,food_and_non_alcoholic_beverages,103.03030303030305
2017-08,furnishings_household_equipment_and_routine_household_maintenance,105.62884784520668
2017-08,general,99.15014164305947
2017-08,health,95.7720588235294
2017-08,housing_water_electricity_gas_and_other_fuels,98.95138226882744
2017-08,miscellaneous_goods_and_services,98.63945578231291
2017-08,recreation_and_culture,98.47560975609755
2017-08,restaurants_and_hotels,96.61181026137464
2017-08,transport,94.44444444444443
2017-09,alcoholic_beverages_tobacco_and_narcotics,100.07575757575756
2017-09,clothing_and_footwear,100.50100200400801
2017-09,communication,100.20964360587001
2017-09,education,94.815396700707
2017-09,food_and_non_alcoholic_beverages,103.03030303030305
2017-09,furnishings_household_equipment_and_routine_household_maintenance,100.43975373790677
2017-09,general,99.43342776203964
2017-09,health,102.94117647058823
2017-09,housing_water_electricity_gas_and_other_fuels,99.42802669208768
2017-09,miscellaneous_goods_and_services,99.12536443148687
2017-09,recreation_and_culture,100.10162601626016
2017-09,restaurants_and_hotels,99.41916747337852
2017-09,transport,95.13888888888887
2017-10,alcoholic_beverages_tobacco_and_narcotics,100.07575757575756
2017-10,clothing_and_footwear,100.50100200400801
2017-10,communication,100.20964360587001
2017-10,education,99.52867242733701
2017-10,food_and_non_alcoholic_beverages,102.15053763440861
2017-10,furnishings_household_equipment_and_routine_household_maintenance,100.35180299032541
2017-10,general,99.52785646836638
2017-10,health,102.84926470588235
2017-10,housing_water_electricity_gas_and_other_fuels,99.52335557673975
2017-10,miscellaneous_goods_and_services,99.22254616132166
2017-10,recreation_and_culture,100.10162601626016
2017-10,restaurants_and_hotels,99.80638915779284
2017-10,transport,96.09374999999999
2017-11,alcoholic_beverages_tobacco_and_narcotics,100.07575757575756
2017-11,clothing_and_footwear,100.40080160320642
2017-11,communication,100.20964360587001
2017-11,education,99.52867242733701
2017-11,food_and_non_alcoholic_beverages,101.564027370479
2017-11,furnishings_household_equipment_and_routine_household_maintenance,100.43975373790677
2017-11,general,99.33899905571292
2017-11,health,102.84926470588235
2017-11,housing_water_electricity_gas_and_other_fuels,99.52335557673975
2017-11,miscellaneous_goods_and_services,99.31972789115645
2017-11,recreation_and_culture,100.10162601626016
2017-11,restaurants_and_hotels,99.80638915779284
2017-11,transport,95.83333333333333
2017-12,alcoholic_beverages_tobacco_and_narcotics,100.07575757575756
2017-12,clothing_and_footwear,100.40080160320642
2017-12,communication,100.20964360587001
2017-12,education,99.52867242733701
2017-12,food_and_non_alcoholic_beverages,101.27077223851418
2017-12,furnishings_household_equipment_and_routine_household_maintenance,100.35180299032541
2017-12,general,99.43342776203964
2017-12,health,102.84926470588235
2017-12,housing_water_electricity_gas_and_other_fuels,99.52335557673975
2017-12,miscellaneous_goods_and_services,99.31972789115645
2017-12,recreation_and_culture,100.0
2017-12,restaurants_and_hotels,99.70958373668927
2017-12,transport,96.52777777777777
2018-01,alcoholic_beverages_tobacco_and_narcotics,100.07575757575756
2018-01,clothing_and_footwear,100.40080160320642
2018-01,communication,100.20964360587001
2018-01,education,99.52867242733701
2018-01,food_and_non_alcoholic_beverages,100.0
2018-01,furnishings_household_equipment_and_routine_household_maintenance,100.26385224274406
2018-01,general,99.52785646836638
2018-01,health,104.1360294117647
2018-01,housing_water_electricity_gas_and_other_fuels,99.6186844613918
2018-01,miscellaneous_goods_and_services,99.70845481049561
2018-01,recreation_and_culture,100.0
2018-01,restaurants_and_hotels,99.70958373668927
2018-01,transport,98.26388888888889
2018-02,alcoholic_beverages_tobacco_and_narcotics,100.07575757575756
2018-02,clothing_and_footwear,99.6993987975952
2018-02,communication,100.20964360587001
2018-02,education,99.52867242733701
2018-02,food_and_non_alcoholic_beverages,98.92473118279571
2018-02,furnishings_household_equipment_and_routine_household_maintenance,100.26385224274406
2018-02,general,99.52785646836638
2018-02,health,99.72426470588235
2018-02,housing_water_electricity_gas_and_other_fuels,99.6186844613918
2018-02,miscellaneous_goods_and_services,99.80563654033041
2018-02,recreation_and_culture,100.0
2018-02,restaurants_and_hotels,99.70958373668927
2018-02,transport,99.56597222222221
2018-03,alcoholic_beverages_tobacco_and_narcotics,99.92424242424242
2018-03,clothing_and_footwear,99.8997995991984
2018-03,communication,100.20964360587001
2018-03,education,99.52867242733701
2018-03,food_and_non_alcoholic_beverages,97.8494623655914
2018-03,furnishings_household_equipment_and_routine_household_maintenance,100.35180299032541
2018-03,general,99.2445703493862
2018-03,health,99.72426470588235
2018-03,housing_water_electricity_gas_and_other_fuels,99.99999999999999
2018-03,miscellaneous_goods_and_services,99.70845481049561
2018-03,recreation_and_culture,100.0
2018-03,restaurants_and_hotels,99.70958373668927
2018-03,transport,98.95833333333333
2018-04,alcoholic_beverages_tobacco_and_narcotics,99.92424242424242
2018-04,clothing_and_footwear,100.20040080160321
2018-04,communication,100.20964360587001
2018-04,education,99.52867242733701
2018-04,food_and_non_alcoholic_beverages,98.43597262952103
2018-04,furnishings_household_equipment_and_routine_household_maintenance,100.61565523306949
2018-04,general,99.43342776203964
2018-04,health,99.72426470588235
2018-04,housing_water_electricity_gas_and_other_fuels,100.09532888465203
2018-04,miscellaneous_goods_and_services,99.80563654033041
2018-04,recreation_and_culture,100.0
2018-04,restaurants_and_hotels,99.90319457889643
2018-04,transport,99.04513888888887
2018-05,alcoholic_beverages_tobacco_and_narcotics,99.92424242424242
2018-05,clothing_and_footwear,100.0
2018-05,communication,100.20964360587001
2018-05,education,99.52867242733701
2018-05,food_and_non_alcoholic_beverages,99.02248289345064
2018-05,furnishings_household_equipment_and_routine_household_maintenance,100.17590149516272
2018-05,general,99.81114258734654
2018-05,health,99.72426470588235
2018-05,housing_water_electricity_gas_and_other_fuels,100.09532888465203
2018-05,miscellaneous_goods_and_services,99.9028182701652
2018-05,recreation_and_culture,100.0
2018-05,restaurants_and_hotels,99.80638915779284
2018-05,transport,100.1736111111111
2018-06,alcoholic_beverages_tobacco_and_narcotics,99.92424242424242
2018-06,clothing_and_footwear,99.8997995991984
2018-06,communication,100.104821802935
2018-06,education,99.52867242733701
2018-06,food_and_non_alcoholic_beverages,100.39100684261976
2018-06,furnishings_household_equipment_and_routine_household_maintenance,100.08795074758135
2018-06,general,100.18885741265342
2018-06,health,99.72426470588235
2018-06,housing_water_electricity_gas_and_other_fuels,100.09532888465203
2018-06,miscellaneous_goods_and_services,99.70845481049561
2018-06,recreation_and_culture,99.89837398373983
2018-06,restaurants_and_hotels,99.80638915779284
2018-06,transport,100.78124999999999
2018-07,alcoholic_beverages_tobacco_and_narcotics,99.92424242424242
2018-07,clothing_and_footwear,100.0
2018-07,communication,100.0
2018-07,education,99.52867242733701
2018-07,food_and_non_alcoholic_beverages,101.27077223851418
2018-07,furnishings_household_equipment_and_routine_household_maintenance,99.73614775725594
2018-07,general,100.37771482530688
2018-07,health,99.72426470588235
2018-07,housing_water_electricity_gas_and_other_fuels,100.09532888465203
2018-07,miscellaneous_goods_and_services,99.9028182701652
2018-07,recreation_and_culture,99.89837398373983
2018-07,restaurants_and_hotels,100.19361084220718
2018-07,transport,100.43402777777777
2018-08,alcoholic_beverages_tobacco_and_narcotics,99.92424242424242
2018-08,clothing_and_footwear,99.6993987975952
2018-08,communication,99.89517819706498
2018-08,education,99.52867242733701
2018-08,food_and_non_alcoholic_beverages,101.27077223851418
2018-08,furnishings_household_equipment_and_routine_household_maintenance,99.73614775725594
2018-08,general,100.28328611898016
2018-08,health,99.72426470588235
2018-08,housing_water_electricity_gas_and_other_fuels,100.09532888465203
2018-08,miscellaneous_goods_and_services,99.80563654033041
2018-08,recreation_and_culture,99.79674796747967
2018-08,restaurants_and_hotels,100.5808325266215
2018-08,transport,100.26041666666666
2018-09,alcoholic_beverages_tobacco_and_narcotics,99.92424242424242
2018-09,clothing_and_footwear,100.0
2018-09,communication,99.89517819706498
2018-09,education,99.52867242733701
2018-09,food_and_non_alcoholic_beverages,100.68426197458456
2018-09,furnishings_household_equipment_and_routine_household_maintenance,99.91204925241864
2018-09,general,100.18885741265342
2018-09,health,99.72426470588235
2018-09,housing_water_electricity_gas_and_other_fuels,99.99999999999999
2018-09,miscellaneous_goods_and_services,99.99999999999999
2018-09,recreation_and_culture,99.79674796747967
2018-09,restaurants_and_hotels,100.0968054211036
2018-09,transport,100.52083333333331
2018-10,alcoholic_beverages_tobacco_and_narcotics,99.92424242424242
2018-10,clothing_and_footwear,100.10020040080161
2018-10,communication,99.89517819706498
2018-10,education,101.49253731343283
2018-10,food_and_non_alcoholic_beverages,100.87976539589444
2018-10,furnishings_household_equipment_and_routine_household_maintenance,99.91204925241864
2018-10,general,100.56657223796033
2018-10,health,99.26470588235293
2018-10,housing_water_electricity_gas_and_other_fuels,100.09532888465203
2018-10,miscellaneous_goods_and_services,100.68027210884352
2018-10,recreation_and_culture,100.10162601626016
2018-10,restaurants_and_hotels,100.0968054211036
2018-10,transport,101.38888888888887
2018-11,alcoholic_beverages_tobacco_and_narcotics,99.92424242424242
2018-11,clothing_and_footwear,100.50100200400801
2018-11,communication,99.89517819706498
2018-11,education,101.49253731343283
2018-11,food_and_non_alcoholic_beverages,100.78201368523949
2018-11,furnishings_household_equipment_and_routine_household_maintenance,99.64819700967458
2018-11,general,100.4721435316336
2018-11,health,99.26470588235293
2018-11,housing_water_electricity_gas_and_other_fuels,100.09532888465203
2018-11,miscellaneous_goods_and_services,100.58309037900874
2018-11,recreation_and_culture,100.10162601626016
2018-11,restaurants_and_hotels,100.19361084220718
2018-11,transport,101.21527777777776
2018-12,alcoholic_beverages_tobacco_and_narcotics,99.92424242424242
2018-12,clothing_and_footwear,99.8997995991984
2018-12,communication,99.79035639412997
2018-12,education,101.49253731343283
2018-12,food_and_non_alcoholic_beverages,100.78201368523949
2018-12,furnishings_household_equipment_and_routine_household_maintenance,99.56024626209323
2018-12,general,100.18885741265342
2018-12,health,99.26470588235293
2018-12,housing_water_electricity_gas_and_other_fuels,100.09532888465203
2018-12,miscellaneous_goods_and_services,100.77745383867831
2018-12,recreation_and_culture,100.10162601626016
2018-12,restaurants_and_hotels,100.0968054211036
2018-12,transport,99.82638888888887
2019-01,alcoholic_beverages_tobacco_and_narcotics,100.0
2019-01,clothing_and_footwear,99.9
2019-01,communication,99.3
2019-01,education,102.1
2019-01,food_and_non_alcoholic_beverages,101.0
2019-01,furnishings_household_equipment_and_routine_household_maintenance,103.1
2019-01,general,100.0
2019-01,health,99.2
2019-01,housing_water_electricity_gas_and_other_fuels,100.0
2019-01,miscellaneous_goods_and_services,98.9
2019-01,recreation_and_culture,100.0
2019-01,restaurants_and_hotels,100.1
2019-01,transport,97.5
2019-02,alcoholic_beverages_tobacco_and_narcotics,100.0
2019-02,clothing_and_footwear,99.9
2019-02,communication,99.2
2019-02,education,102.1
2019-02,food_and_non_alcoholic_beverages,100.6
2019-02,furnishings_household_equipment_and_routine_household_maintenance,103.3
2019-02,general,100.0
2019-02,health,99.2
2019-02,housing_water_electricity_gas_and_other_fuels,100.0
2019-02,miscellaneous_goods_and_services,99.0
2019-02,recreation_and_culture,100.0
2019-02,restaurants_and_hotels,100.6
2019-02,transport,98.3
2019-03,alcoholic_beverages_tobacco_and_narcotics,100.0
2019-03,clothing_and_footwear,99.9
2019-03,communication,99.1
2019-03,education,102.1
2019-03,food_and_non_alcoholic_beverages,100.4
2019-03,furnishings_household_equipment_and_routine_household_maintenance,103.0
2019-03,general,99.9
2019-03,health,99.2
2019-03,housing_water_electricity_gas_and_other_fuels,100.1
2019-03,miscellaneous_goods_and_services,98.4
2019-03,recreation_and_culture,100.0
2019-03,restaurants_and_hotels,100.1
2019-03,transport,98.0
2019-04,alcoholic_beverages_tobacco_and_narcotics,100.0
2019-04,clothing_and_footwear,99.4
2019-04,communication,99.0
2019-04,education,102.1
2019-04,food_and_non_alcoholic_beverages,99.8
2019-04,furnishings_household_equipment_and_routine_household_maintenance,103.5
2019-04,general,100.1
2019-04,health,99.2
2019-04,housing_water_electricity_gas_and_other_fuels,100.0
2019-04,miscellaneous_goods_and_services,99.2
2019-04,recreation_and_culture,100.2
2019-04,restaurants_and_hotels,100.1
2019-04,transport,100.4
2019-05,alcoholic_beverages_tobacco_and_narcotics,100.0
2019-05,clothing_and_footwear,99.4
2019-05,communication,98.8
2019-05,education,102.1
2019-05,food_and_non_alcoholic_beverages,99.6
2019-05,furnishings_household_equipment_and_routine_household_maintenance,103.5
2019-05,general,100.4
2019-05,health,99.2
2019-05,housing_water_electricity_gas_and_other_fuels,100.0
2019-05,miscellaneous_goods_and_services,98.5
2019-05,recreation_and_culture,100.2
2019-05,restaurants_and_hotels,99.6
2019-05,transport,102.9
2019-06,alcoholic_beverages_tobacco_and_narcotics,100.0
2019-06,clothing_and_footwear,99.2
2019-06,communication,98.7
2019-06,education,102.1
2019-06,food_and_non_alcoholic_beverages,100.3
2019-06,furnishings_household_equipment_and_routine_household_maintenance,103.5
2019-06,general,100.5
2019-06,health,99.2
2019-06,housing_water_electricity_gas_and_other_fuels,100.0
2019-06,miscellaneous_goods_and_services,99.9
2019-06,recreation_and_culture,100.1
2019-06,restaurants_and_hotels,99.6
2019-06,transport,102.2
2019-07,alcoholic_beverages_tobacco_and_narcotics,192.6
2019-07,clothing_and_footwear,98.1
2019-07,communication,98.5
2019-07,education,102.1
2019-07,food_and_non_alcoholic_beverages,102.7
2019-07,furnishings_household_equipment_and_routine_household_maintenance,103.5
2019-07,general,100.9
2019-07,health,99.8
2019-07,housing_water_electricity_gas_and_other_fuels,99.9
2019-07,miscellaneous_goods_and_services,99.5
2019-07,recreation_and_culture,100.1
2019-07,restaurants_and_hotels,100.7
2019-07,transport,101.1
2019-08,alcoholic_beverages_tobacco_and_narcotics,192.6
2019-08,clothing_and_footwear,98.4
2019-08,communication,98.4
2019-08,education,102.1
2019-08,food_and_non_alcoholic_beverages,103.1
2019-08,furnishings_household_equipment_and_routine_household_maintenance,103.1
2019-08,general,101.0
2019-08,health,99.8
2019-08,housing_water_electricity_gas_and_other_fuels,99.9
2019-08,miscellaneous_goods_and_services,100.1
2019-08,recreation_and_culture,100.1
2019-08,restaurants_and_hotels,100.7
2019-08,transport,101.7
2019-09,alcoholic_beverages_tobacco_and_narcotics,192.6
2019-09,clothing_and_footwear,98.5
2019-09,communication,98.4
2019-09,education,102.1
2019-09,food_and_non_alcoholic_beverages,102.2
2019-09,furnishings_household_equipment_and_routine_household_maintenance,103.5
2019-09,general,100.6
2019-09,health,99.8
2019-09,housing_water_electricity_gas_and_other_fuels,99.9
2019-09,miscellaneous_goods_and_services,100.5
2019-09,recreation_and_culture,100.0
2019-09,restaurants_and_hotels,100.5
2019-09,transport,99.5
2019-10,alcoholic_beverages_tobacco_and_narcotics,192.6
2019-10,clothing_and_footwear,98.1
2019-10,communication,98.4
2019-10,education,103.3
2019-10,food_and_non_alcoholic_beverages,101.9
2019-10,furnishings_household_equipment_and_routine_household_maintenance,103.5
2019-10,general,100.8
2019-10,health,100.1
2019-10,housing_water_electricity_gas_and_other_fuels,99.9
2019-10,miscellaneous_goods_and_services,99.3
2019-10,recreation_and_culture,99.9
2019-10,restaurants_and_hotels,101.4
2019-10,transport,101.3
2019-11,alcoholic_beverages_tobacco_and_narcotics,192.6
2019-11,clothing_and_footwear,97.7
2019-11,communication,98.4
2019-11,education,103.3
2019-11,food_and_non_alcoholic_beverages,103.0
2019-11,furnishings_household_equipment_and_routine_household_maintenance,103.4
2019-11,general,100.8
2019-11,health,100.1
2019-11,housing_water_electricity_gas_and_other_fuels,99.9
2019-11,miscellaneous_goods_and_services,98.8
2019-11,recreation_and_culture,99.8
2019-11,restaurants_and_hotels,101.5
2019-11,transport,100.4
2019-12,alcoholic_beverages_tobacco_and_narcotics,192.6
2019-12,clothing_and_footwear,97.5
2019-12,communication,98.4
2019-12,education,103.3
2019-12,food_and_non_alcoholic_beverages,102.0
2019-12,furnishings_household_equipment_and_routine_household_maintenance,103.0
2019-12,general,100.7
2019-12,health,100.1
2019-12,housing_water_electricity_gas_and_other_fuels,99.9
2019-12,miscellaneous_goods_and_services,98.6
2019-12,recreation_and_culture,99.8
2019-12,restaurants_and_hotels,101.5
2019-12,transport,101.2
2020-01,alcoholic_beverages_tobacco_and_narcotics,192.6
2020-01,clothing_and_footwear,97.6
2020-01,communication,98.3
2020-01,education,103.3
2020-01,food_and_non_alcoholic_beverages,102.8
2020-01,furnishings_household_equipment_and_routine_household_maintenance,103.4
2020-01,general,100.8
2020-01,health,100.1
2020-01,housing_water_electricity_gas_and_other_fuels,99.5
2020-01,miscellaneous_goods_and_services,99.2
2020-01,recreation_and_culture,99.9
2020-01,restaurants_and_hotels,101.7
2020-01,transport,101.4
2020-02,alcoholic_beverages_tobacco_and_narcotics,192.6
2020-02,clothing_and_footwear,97.9
2020-02,communication,98.3
2020-02,education,103.3
2020-02,food_and_non_alcoholic_beverages,102.2
2020-02,furnishings_household_equipment_and_routine_household_maintenance,103.1
2020-02,general,100.5
2020-02,health,100.1
2020-02,housing_water_electricity_gas_and_other_fuels,99.5
2020-02,miscellaneous_goods_and_services,99.4
2020-02,recreation_and_culture,99.7
2020-02,restaurants_and_hotels,101.7
2020-02,transport,100.2
2020-03,alcoholic_beverages_tobacco_and_narcotics,192.6
2020-03,clothing_and_footwear,97.9
2020-03,communication,98.3
2020-03,education,103.3
2020-03,food_and_non_alcoholic_beverages,101.1
2020-03,furnishings_household_equipment_and_routine_household_maintenance,103.3
2020-03,general,100.1
2020-03,health,100.1
2020-03,housing_water_electricity_gas_and_other_fuels,99.5
2020-03,miscellaneous_goods_and_services,99.0
2020-03,recreation_and_culture,100.2
2020-03,restaurants_and_hotels,101.5
2020-03,transport,98.9
2020-04,alcoholic_beverages_tobacco_and_narcotics,192.6
2020-04,clothing_and_footwear,97.9
2020-04,communication,98.3
2020-04,education,103.3
2020-04,food_and_non_alcoholic_beverages,101.3
2020-04,furnishings_household_equipment_and_routine_household_maintenance,103.3
2020-04,general,99.7
2020-04,health,100.1
2020-04,housing_water_electricity_gas_and_other_fuels,99.5
2020-04,miscellaneous_goods_and_services,99.4
2020-04,recreation_and_culture,100.2
2020-04,restaurants_and_hotels,101.4
2020-04,transport,95.6
2020-05,alcoholic_beverages_tobacco_and_narcotics,192.6
2020-05,clothing_and_footwear,97.9
2020-05,communication,98.3
2020-05,education,103.3
2020-05,food_and_non_alcoholic_beverages,102.6
2020-05,furnishings_household_equipment_and_routine_household_maintenance,103.2
2020-05,general,99.8
2020-05,health,100.1
2020-05,housing_water_electricity_gas_and_other_fuels,99.5
2020-05,miscellaneous_goods_and_services,100.4
2020-05,recreation_and_culture,100.2
2020-05,restaurants_and_hotels,101.4
2020-05,transport,94.5
2020-06,alcoholic_beverages_tobacco_and_narcotics,192.6
2020-06,clothing_and_footwear,98.2
2020-06,communication,98.2
2020-06,education,103.3
2020-06,food_and_non_alcoholic_beverages,103.9
2020-06,furnishings_household_equipment_and_routine_household_maintenance,103.2
2020-06,general,100.1
2020-06,health,100.0
2020-06,housing_water_electricity_gas_and_other_fuels,99.5
2020-06,miscellaneous_goods_and_services,100.4
2020-06,recreation_and_culture,100.6
2020-06,restaurants_and_hotels,101.0
2020-06,transport,95.0
2020-07,alcoholic_beverages_tobacco_and_narcotics,192.6
2020-07,clothing_and_footwear,97.5
2020-07,communication,98.2
2020-07,education,103.3
2020-07,food_and_non_alcoholic_beverages,103.8
2020-07,furnishings_household_equipment_and_routine_household_maintenance,103.3
2020-07,general,100.2
2020-07,health,100.0
2020-07,housing_water_electricity_gas_and_other_fuels,99.5
2020-07,miscellaneous_goods_and_services,101.4
2020-07,recreation_and_culture,100.6
2020-07,restaurants_and_hotels,101.0
2020-07,transport,95.6
2020-08,alcoholic_beverages_tobacco_and_narcotics,192.6
2020-08,clothing_and_footwear,98.2
2020-08,communication,98.2
2020-08,education,103.3
2020-08,food_and_non_alcoholic_beverages,104.0
2020-08,furnishings_household_equipment_and_routine_household_maintenance,103.3
2020-08,general,100.3
2020-08,health,100.0
2020-08,housing_water_electricity_gas_and_other_fuels,99.5
2020-08,miscellaneous_goods_and_services,102.2
2020-08,recreation_and_culture,100.5
2020-08,restaurants_and_hotels,101.0
2020-08,transport,95.5
2020-09,alcoholic_beverages_tobacco_and_narcotics,192.6
2020-09,clothing_and_footwear,98.2
2020-09,communication,98.2
2020-09,education,102.9
2020-09,food_and_non_alcoholic_beverages,102.6
2020-09,furnishings_household_equipment_and_routine_household_maintenance,103.3
2020-09,general,99.8
2020-09,health,100.0
2020-09,housing_water_electricity_gas_and_other_fuels,99.5
2020-09,miscellaneous_goods_and_services,102.1
2020-09,recreation_and_culture,100.5
2020-09,restaurants_and_hotels,101.0
2020-09,transport,94.2
2020-10,alcoholic_beverages_tobacco_and_narcotics,192.6
2020-10,clothing_and_footwear,98.0
2020-10,communication,98.1
2020-10,education,103.0
2020-10,food_and_non_alcoholic_beverages,102.5
2020-10,furnishings_household_equipment_and_routine_household_maintenance,103.3
2020-10,general,99.8
2020-10,health,100.0
2020-10,housing_water_electricity_gas_and_other_fuels,99.5
2020-10,miscellaneous_goods_and_services,102.3
2020-10,recreation_and_culture,100.5
2020-10,restaurants_and_hotels,100.8
2020-10,transport,93.9
2020-11,alcoholic_beverages_tobacco_and_narcotics,192.6
2020-11,clothing_and_footwear,97.7
2020-11,communication,98.1
2020-11,education,103.0
2020-11,food_and_non_alcoholic_beverages,101.7
2020-11,furnishings_household_equipment_and_routine_household_maintenance,103.3
2020-11,general,99.9
2020-11,health,100.0
2020-11,housing_water_electricity_gas_and_other_fuels,99.5
2020-11,miscellaneous_goods_and_services,102.8
2020-11,recreation_and_culture,100.5
2020-11,restaurants_and_hotels,100.7
2020-11,transport,95.6
2020-12,alcoholic_beverages_tobacco_and_narcotics,192.6
2020-12,clothing_and_footwear,97.1
2020-12,communication,98.1
2020-12,education,103.0
2020-12,food_and_non_alcoholic_beverages,101.9
2020-12,furnishings_household_equipment_and_routine_household_maintenance,103.2
2020-12,general,99.8
2020-12,health,100.0
2020-12,housing_water_electricity_gas_and_other_fuels,99.5
2020-12,miscellaneous_goods_and_services,102.3
2020-12,recreation_and_culture,100.5
2020-12,restaurants_and_hotels,100.7
2020-12,transport,95.2
2021-01,alcoholic_beverages_tobacco_and_narcotics,192.6
2021-01,clothing_and_footwear,97.4
2021-01,communication,98.0
2021-01,education,103.0
2021-01,food_and_non_alcoholic_beverages,102.2
2021-01,furnishings_household_equipment_and_routine_household_maintenance,103.4
2021-01,general,99.8
2021-01,health,100.0
2021-01,housing_water_electricity_gas_and_other_fuels,99.2
2021-01,miscellaneous_goods_and_services,102.3
2021-01,recreation_and_culture,101.1
2021-01,restaurants_and_hotels,100.7
2021-01,transport,95.2
2021-02,alcoholic_beverages_tobacco_and_narcotics,192.6
2021-02,clothing_and_footwear,97.3
2021-02,communication,98.0
2021-02,education,103.0
2021-02,food_and_non_alcoholic_beverages,100.5
2021-02,furnishings_household_equipment_and_routine_household_maintenance,103.7
2021-02,general,99.7
2021-02,health,100.0
2021-02,housing_water_electricity_gas_and_other_fuels,99.6
2021-02,miscellaneous_goods_and_services,102.1
2021-02,recreation_and_culture,101.0
2021-02,restaurants_and_hotels,100.6
2021-02,transport,96.2
2021-03,alcoholic_beverages_tobacco_and_narcotics,192.6
2021-03,clothing_and_footwear,97.3
2021-03,communication,98.0
2021-03,education,103.0
2021-03,food_and_non_alcoholic_beverages,100.0
2021-03,furnishings_household_equipment_and_routine_household_maintenance,103.7
2021-03,general,100.7
2021-03,health,100.0
2021-03,housing_water_electricity_gas_and_other_fuels,100.1
2021-03,miscellaneous_goods_and_services,101.6
2021-03,recreation_and_culture,101.0
2021-03,restaurants_and_hotels,100.7
2021-03,transport,102.7
2021-04,alcoholic_beverages_tobacco_and_narcotics,202.8
2021-04,clothing_and_footwear,98.8
2021-04,communication,98.0
2021-04,education,103.0
2021-04,food_and_non_alcoholic_beverages,101.3
2021-04,furnishings_household_equipment_and_routine_household_maintenance,105.3
2021-04,general,101.5
2021-04,health,100.0
2021-04,housing_water_electricity_gas_and_other_fuels,100.1
2021-04,miscellaneous_goods_and_services,104.3
2021-04,recreation_and_culture,102.7
2021-04,restaurants_and_hotels,100.8
2021-04,transport,103.6
2021-05,alcoholic_beverages_tobacco_and_narcotics,202.8
2021-05,clothing_and_footwear,99.1
2021-05,communication,98.0
2021-05,education,103.0
2021-05,food_and_non_alcoholic_beverages,101.7
2021-05,furnishings_household_equipment_and_routine_household_maintenance,105.2
2021-05,general,101.6
2021-05,health,100.0
2021-05,housing_water_electricity_gas_and_other_fuels,100.1
2021-05,miscellaneous_goods_and_services,104.5
2021-05,recreation_and_culture,102.8
2021-05,restaurants_and_hotels,100.8
2021-05,transport,104.2
2021-06,alcoholic_beverages_tobacco_and_narcotics,202.9
2021-06,clothing_and_footwear,99.0
2021-06,communication,98.0
2021-06,education,103.0
2021-06,food_and_non_alcoholic_beverages,102.5
2021-06,furnishings_household_equipment_and_routine_household_maintenance,105.1
2021-06,general,101.7
2021-06,health,100.0
2021-06,housing_water_electricity_gas_and_other_fuels,100.1
2021-06,miscellaneous_goods_and_services,103.8
2021-06,recreation_and_culture,102.8
2021-06,restaurants_and_hotels,100.7
2021-06,transport,103.7
2021-07,alcoholic_beverages_tobacco_and_narcotics,202.9
2021-07,clothing_and_footwear,99.2
2021-07,communication,97.9
2021-07,education,103.0
2021-07,food_and_non_alcoholic_beverages,104.3
2021-07,furnishings_household_equipment_and_routine_household_maintenance,105.2
2021-07,general,102.4
2021-07,health,100.0
2021-07,housing_water_electricity_gas_and_other_fuels,100.2
2021-07,miscellaneous_goods_and_services,104.2
2021-07,recreation_and_culture,103.3
2021-07,restaurants_and_hotels,101.7
2021-07,transport,105.6
2021-08,alcoholic_beverages_tobacco_and_narcotics,202.9
2021-08,clothing_and_footwear,99.2
2021-08,communication,97.9
2021-08,education,103.0
2021-08,food_and_non_alcoholic_beverages,105.0
2021-08,furnishings_household_equipment_and_routine_household_maintenance,105.2
2021-08,general,102.2
2021-08,health,100.0
2021-08,housing_water_electricity_gas_and_other_fuels,100.2
2021-08,miscellaneous_goods_and_services,104.0
2021-08,recreation_and_culture,103.3
2021-08,restaurants_and_hotels,101.7
2021-08,transport,102.9
2021-09,alcoholic_beverages_tobacco_and_narcotics,202.9
2021-09,clothing_and_footwear,99.0
2021-09,communication,97.9
2021-09,education,103.0
2021-09,food_and_non_alcoholic_beverages,104.2
2021-09,furnishings_household_equipment_and_routine_household_maintenance,105.3
2021-09,general,101.9
2021-09,health,100.0
2021-09,housing_water_electricity_gas_and_other_fuels,100.2
2021-09,miscellaneous_goods_and_services,103.8
2021-09,recreation_and_culture,103.2
2021-09,restaurants_and_hotels,101.7
2021-09,transport,102.6
2021-10,alcoholic_beverages_tobacco_and_narcotics,202.9
2021-10,clothing_and_footwear,99.1
2021-10,communication,97.9
2021-10,education,111.0
2021-10,food_and_non_alcoholic_beverages,105.8
2021-10,furnishings_household_equipment_and_routine_household_maintenance,105.4
2021-10,general,102.9
2021-10,health,100.0
2021-10,housing_water_electricity_gas_and_other_fuels,100.8
2021-10,miscellaneous_goods_and_services,104.2
2021-10,recreation_and_culture,104.1
2021-10,restaurants_and_hotels,101.8
2021-10,transport,103.7
2021-11,alcoholic_beverages_tobacco_and_narcotics,202.9
2021-11,clothing_and_footwear,99.2
2021-11,communication,97.9
2021-11,education,111.0
2021-11,food_and_non_alcoholic_beverages,104.3
2021-11,furnishings_household_equipment_and_routine_household_maintenance,105.4
2021-11,general,103.2
2021-11,health,100.0
2021-11,housing_water_electricity_gas_and_other_fuels,101.1
2021-11,miscellaneous_goods_and_services,104.6
2021-11,recreation_and_culture,104.1
2021-11,restaurants_and_hotels,101.8
2021-11,transport,107.1
2021-12,alcoholic_beverages_tobacco_and_narcotics,202.9
2021-12,clothing_and_footwear,99.6
2021-12,communication,97.9
2021-12,education,111.0
2021-12,food_and_non_alcoholic_beverages,104.7
2021-12,furnishings_household_equipment_and_routine_household_maintenance,105.4
2021-12,general,103.4
2021-12,health,100.0
2021-12,housing_water_electricity_gas_and_other_fuels,101.4
2021-12,miscellaneous_goods_and_services,104.4
2021-12,recreation_and_culture,104.2
2021-12,restaurants_and_hotels,101.8
2021-12,transport,107.1
2022-01,alcoholic_beverages_tobacco_and_narcotics,202.9
2022-01,clothing_and_footwear,99.8
2022-01,communication,97.9
2022-01,education,111.0
2022-01,food_and_non_alcoholic_beverages,107.1
2022-01,furnishings_household_equipment_and_routine_household_maintenance,105.2
2022-01,general,104.0
2022-01,health,100.9
2022-01,housing_water_electricity_gas_and_other_fuels,102.4
2022-01,miscellaneous_goods_and_services,104.8
2022-01,recreation_and_culture,104.2
2022-01,restaurants_and_hotels,102.3
2022-01,transport,105.7
2022-02,alcoholic_beverages_tobacco_and_narcotics,202.9
2022-02,clothing_and_footwear,99.8
2022-02,communication,97.9
2022-02,education,111.0
2022-02,food_and_non_alcoholic_beverages,105.0
2022-02,furnishings_household_equipment_and_routine_household_maintenance,105.0
2022-02,general,103.5
2022-02,health,103.5
2022-02,housing_water_electricity_gas_and_other_fuels,102.4
2022-02,miscellaneous_goods_and_services,105.7
2022-02,recreation_and_culture,104.3
2022-02,restaurants_and_hotels,102.3
2022-02,transport,104.2
2022-03,alcoholic_beverages_tobacco_and_narcotics,202.9
2022-03,clothing_and_footwear,99.8
2022-03,communication,97.9
2022-03,education,111.0
2022-03,food_and_non_alcoholic_beverages,104.0
2022-03,furnishings_household_equipment_and_routine_household_maintenance,105.4
2022-03,general,103.7
2022-03,health,103.5
2022-03,housing_water_electricity_gas_and_other_fuels,102.4
2022-03,miscellaneous_goods_and_services,106.0
2022-03,recreation_and_culture,104.4
2022-03,restaurants_and_hotels,102.3
2022-03,transport,107.3
2022-04,alcoholic_beverages_tobacco_and_narcotics,202.9
2022-04,clothing_and_footwear,99.9
2022-04,communication,97.9
2022-04,education,111.0
2022-04,food_and_non_alcoholic_beverages,106.0
2022-04,furnishings_household_equipment_and_routine_household_maintenance,105.8
2022-04,general,104.1
2022-04,health,103.5
2022-04,housing_water_electricity_gas_and_other_fuels,102.4
2022-04,miscellaneous_goods_and_services,106.4
2022-04,recreation_and_culture,104.5
2022-04,restaurants_and_hotels,102.6
2022-04,transport,106.5
2022-05,alcoholic_beverages_tobacco_and_narcotics,202.9
2022-05,clothing_and_footwear,99.8
2022-05,communication,97.9
2022-05,education,111.0
2022-05,food_and_non_alcoholic_beverages,106.1
2022-05,furnishings_household_equipment_and_routine_household_maintenance,106.3
2022-05,general,104.0
2022-05,health,103.5
2022-05,housing_water_electricity_gas_and_other_fuels,100.6
2022-05,miscellaneous_goods_and_services,105.7
2022-05,recreation_and_culture,104.8
2022-05,restaurants_and_hotels,102.5
2022-05,transport,109.4
2022-06,alcoholic_beverages_tobacco_and_narcotics,202.9
2022-06,clothing_and_footwear,100.0
2022-06,communication,97.9
2022-06,education,111.0
2022-06,food_and_non_alcoholic_beverages,108.1
2022-06,furnishings_household_equipment_and_routine_household_maintenance,106.5
2022-06,general,104.2
2022-06,health,103.5
2022-06,housing_water_electricity_gas_and_other_fuels,100.6
2022-06,miscellaneous_goods_and_services,105.6
2022-06,recreation_and_culture,104.8
2022-06,restaurants_and_hotels,102.5
2022-06,transport,107.9
2022-07,alcoholic_beverages_tobacco_and_narcotics,202.9
2022-07,clothing_and_footwear,100.2
2022-07,communication,97.9
2022-07,education,111.0
2022-07,food_and_non_alcoholic_beverages,109.7
2022-07,furnishings_household_equipment_and_routine_household_maintenance,106.6
2022-07,general,104.6
2022-07,health,103.7
2022-07,housing_water_electricity_gas_and_other_fuels,100.6
2022-07,miscellaneous_goods_and_services,105.3
2022-07,recreation_and_culture,104.9
2022-07,restaurants_and_hotels,103.3
2022-07,transport,108.0
2022-08,alcoholic_beverages_tobacco_and_narcotics,202.9
2022-08,clothing_and_footwear,100.2
2022-08,communication,97.8
2022-08,education,111.0
2022-08,food_and_non_alcoholic_beverages,109.1
2022-08,furnishings_household_equipment_and_routine_household_maintenance,106.8
2022-08,general,104.2
2022-08,health,103.7
2022-08,housing_water_electricity_gas_and_other_fuels,100.6
2022-08,miscellaneous_goods_and_services,105.1
2022-08,recreation_and_culture,105.2
2022-08,restaurants_and_hotels,103.2
2022-08,transport,106.7
2022-09,alcoholic_beverages_tobacco_and_narcotics,202.9
2022-09,clothing_and_footwear,99.9
2022-09,communication,97.7
2022-09,education,111.0
2022-09,food_and_non_alcoholic_beverages,108.7
2022-09,furnishings_household_equipment_and_routine_household_maintenance,107.2
2022-09,general,104.1
2022-09,health,103.7
2022-09,housing_water_electricity_gas_and_other_fuels,100.6
2022-09,miscellaneous_goods_and_services,104.8
2022-09,recreation_and_culture,105.4
2022-09,restaurants_and_hotels,103.3
2022-09,transport,106.3
2022-10,alcoholic_beverages_tobacco_and_narcotics,202.9
2022-10,clothing_and_footwear,100.4
2022-10,communication,97.7
2022-10,education,111.0
2022-10,food_and_non_alcoholic_beverages,110.0
2022-10,furnishings_household_equipment_and_routine_household_maintenance,107.7
2022-10,general,105.2
2022-10,health,103.7
2022-10,housing_water_electricity_gas_and_other_fuels,102.4
2022-10,miscellaneous_goods_and_services,105.0
2022-10,recreation_and_culture,104.3
2022-10,restaurants_and_hotels,107.8
2022-10,transport,105.8
2022-11,alcoholic_beverages_tobacco_and_narcotics,202.9
2022-11,clothing_and_footwear,100.4
2022-11,communication,97.7
2022-11,education,111.0
2022-11,food_and_non_alcoholic_beverages,108.9
2022-11,furnishings_household_equipment_and_routine_household_maintenance,107.9
2022-11,general,105.1
2022-11,health,104.2
2022-11,housing_water_electricity_gas_and_other_fuels,102.4
2022-11,miscellaneous_goods_and_services,105.7
2022-11,recreation_and_culture,104.4
2022-11,restaurants_and_hotels,107.8
2022-11,transport,106.7
2022-12,alcoholic_beverages_tobacco_and_narcotics,202.9
2022-12,clothing_and_footwear,100.5
2022-12,communication,97.6
2022-12,education,111.0
2022-12,food_and_non_alcoholic_beverages,109.3
2022-12,furnishings_household_equipment_and_routine_household_maintenance,108.0
2022-12,general,104.9
2022-12,health,104.2
2022-12,housing_water_electricity_gas_and_other_fuels,102.4
2022-12,miscellaneous_goods_and_services,106.3
2022-12,recreation_and_culture,105.4
2022-12,restaurants_and_hotels,107.8
2022-12,transport,104.6
2023-01,alcoholic_beverages_tobacco_and_narcotics,202.9
2023-01,clothing_and_footwear,100.5
2023-01,communication,97.6
2023-01,education,111.0
2023-01,food_and_non_alcoholic_beverages,111.8
2023-01,furnishings_household_equipment_and_routine_household_maintenance,109.7
2023-01,general,105.7
2023-01,health,104.2
2023-01,housing_water_electricity_gas_and_other_fuels,102.8
2023-01,miscellaneous_goods_and_services,107.2
2023-01,recreation_and_culture,106.4
2023-01,restaurants_and_hotels,108.1
2023-01,transport,104.2
2023-02,alcoholic_beverages_tobacco_and_narcotics,202.9
2023-02,clothing_and_footwear,100.5
2023-02,communication,97.6
2023-02,education,111.0
2023-02,food_and_non_alcoholic_beverages,110.7
2023-02,furnishings_household_equipment_and_routine_household_maintenance,109.8
2023-02,general,105.3
2023-02,health,104.6
2023-02,housing_water_electricity_gas_and_other_fuels,102.8
2023-02,miscellaneous_goods_and_services,106.6
2023-02,recreation_and_culture,106.5
2023-02,restaurants_and_hotels,108.0
2023-02,transport,103.4
2023-03,alcoholic_beverages_tobacco_and_narcotics,202.9
2023-03,clothing_and_footwear,100.2
2023-03,communication,97.6
2023-03,education,111.0
2023-03,food_and_non_alcoholic_beverages,108.5
2023-03,furnishings_household_equipment_and_routine_household_maintenance,110.0
2023-03,general,105.2
2023-03,health,104.6
2023-03,housing_water_electricity_gas_and_other_fuels,102.8
2023-03,miscellaneous_goods_and_services,107.7
2023-03,recreation_and_culture,106.8
2023-03,restaurants_and_hotels,108.0
2023-03,transport,105.2
2023-04,alcoholic_beverages_tobacco_and_narcotics,202.9
2023-04,clothing_and_footwear,100.2
2023-04,communication,97.5
2023-04,education,111.0
2023-04,food_and_non_alcoholic_beverages,109.1
2023-04,furnishings_household_equipment_and_routine_household_maintenance,110.2
2023-04,general,105.0
2023-04,health,104.6
2023-04,housing_water_electricity_gas_and_other_fuels,102.8
2023-04,miscellaneous_goods_and_services,108.0
2023-04,recreation_and_culture,106.9
2023-04,restaurants_and_hotels,108.0
2023-04,transport,103.3
2023-05,alcoholic_beverages_tobacco_and_narcotics,206.6
2023-05,clothing_and_footwear,100.2
2023-05,communication,97.5
2023-05,education,111.0
2023-05,food_and_non_alcoholic_beverages,109.4
2023-05,furnishings_household_equipment_and_routine_household_maintenance,110.2
2023-05,general,104.8
2023-05,health,104.6
2023-05,housing_water_electricity_gas_and_other_fuels,101.4
2023-05,miscellaneous_goods_and_services,108.7
2023-05,recreation_and_culture,106.6
2023-05,restaurants_and_hotels,107.9
2023-05,transport,103.7
2023-06,alcoholic_beverages_tobacco_and_narcotics,207.5
2023-06,clothing_and_footwear,100.2
2023-06,communication,97.4
2023-06,education,111.0
2023-06,food_and_non_alcoholic_beverages,110.9
2023-06,furnishings_household_equipment_and_routine_household_maintenance,110.3
2023-06,general,105.1
2023-06,health,104.6
2023-06,housing_water_electricity_gas_and_other_fuels,101.4
2023-06,miscellaneous_goods_and_services,108.3
2023-06,recreation_and_culture,107.0
2023-06,restaurants_and_hotels,107.9
2023-06,transport,103.9
2023-07,alcoholic_beverages_tobacco_and_narcotics,207.8
2023-07,clothing_and_footwear,100.2
2023-07,communication,97.4
2023-07,education,111.0
2023-07,food_and_non_alcoholic_beverages,111.7
2023-07,furnishings_household_equipment_and_routine_household_maintenance,109.7
2023-07,general,104.7
2023-07,health,104.6
2023-07,housing_water_electricity_gas_and_other_fuels,99.7
2023-07,miscellaneous_goods_and_services,109.0
2023-07,recreation_and_culture,106.9
2023-07,restaurants_and_hotels,107.9
2023-07,transport,104.0
2023-08,alcoholic_beverages_tobacco_and_narcotics,207.8
2023-08,clothing_and_footwear,100.2
2023-08,communication,97.4
2023-08,education,111.0
2023-08,food_and_non_alcoholic_beverages,113.1
2023-08,furnishings_household_equipment_and_routine_household_maintenance,110.7
2023-08,general,105.0
2023-08,health,104.6
2023-08,housing_water_electricity_gas_and_other_fuels,99.7
2023-08,miscellaneous_goods_and_services,108.7
2023-08,recreation_and_culture,107.0
2023-08,restaurants_and_hotels,107.9
2023-08,transport,103.4
2023-09,alcoholic_beverages_tobacco_and_narcotics,207.6
2023-09,clothing_and_footwear,100.2
2023-09,communication,97.4
2023-09,education,111.0
2023-09,food_and_non_alcoholic_beverages,112.4
2023-09,furnishings_household_equipment_and_routine_household_maintenance,110.7
2023-09,general,105.7
2023-09,health,104.6
2023-09,housing_water_electricity_gas_and_other_fuels,102.8
2023-09,miscellaneous_goods_and_services,108.7
2023-09,recreation_and_culture,107.0
2023-09,restaurants_and_hotels,107.9
2023-09,transport,102.8
2023-10,alcoholic_beverages_tobacco_and_narcotics,207.8
2023-10,clothing_and_footwear,100.2
2023-10,communication,97.4
2023-10,education,110.6
2023-10,food_and_non_alcoholic_beverages,111.7
2023-10,furnishings_household_equipment_and_routine_household_maintenance,109.7
2023-10,general,105.6
2023-10,health,104.6
2023-10,housing_water_electricity_gas_and_other_fuels,102.8
2023-10,miscellaneous_goods_and_services,109.4
2023-10,recreation_and_culture,107.0
2023-10,restaurants_and_hotels,108.0
2023-10,transport,103.0
2023-11,alcoholic_beverages_tobacco_and_narcotics,207.8
2023-11,clothing_and_footwear,100.2
2023-11,communication,97.4
2023-11,education,110.6
2023-11,food_and_non_alcoholic_beverages,112.1
2023-11,furnishings_household_equipment_and_routine_household_maintenance,109.8
2023-11,general,105.8
2023-11,health,104.6
2023-11,housing_water_electricity_gas_and_other_fuels,102.8
2023-11,miscellaneous_goods_and_services,109.1
2023-11,recreation_and_culture,107.1
2023-11,restaurants_and_hotels,107.9
2023-11,transport,104.0
2023-12,alcoholic_beverages_tobacco_and_narcotics,207.8
2023-12,clothing_and_footwear,100.2
2023-12,communication,97.4
2023-12,education,110.6
2023-12,food_and_non_alcoholic_beverages,112.5
2023-12,furnishings_household_equipment_and_routine_household_maintenance,109.7
2023-12,general,105.6
2023-12,health,104.6
2023-12,housing_water_electricity_gas_and_other_fuels,102.8
2023-12,miscellaneous_goods_and_services,109.9
2023-12,recreation_and_culture,107.2
2023-12,restaurants_and_hotels,107.9
2023-12,transport,101.8
2024-01,alcoholic_beverages_tobacco_and_narcotics,207.8
2024-01,clothing_and_footwear,100.2
2024-01,communication,97.4
2024-01,education,110.6
2024-01,food_and_non_alcoholic_beverages,113.4
2024-01,furnishings_household_equipment_and_routine_household_maintenance,109.7
2024-01,general,105.6
2024-01,health,104.6
2024-01,housing_water_electricity_gas_and_other_fuels,102.8
2024-01,miscellaneous_goods_and_services,109.7
2024-01,recreation_and_culture,107.2
2024-01,restaurants_and_hotels,107.9
2024-01,transport,100.7
2024-02,alcoholic_beverages_tobacco_and_narcotics,207.8
2024-02,clothing_and_footwear,100.3
2024-02,communication,97.4
2024-02,education,110.6
2024-02,food_and_non_alcoholic_beverages,111.9
2024-02,furnishings_household_equipment_and_routine_household_maintenance,109.7
2024-02,general,105.3
2024-02,health,104.6
2024-02,housing_water_electricity_gas_and_other_fuels,102.8
2024-02,miscellaneous_goods_and_services,109.8
2024-02,recreation_and_culture,107.2
2024-02,restaurants_and_hotels,107.9
2024-02,transport,100.7
2024-03,alcoholic_beverages_tobacco_and_narcotics,207.8
2024-03,clothing_and_footwear,100.3
2024-03,communication,97.4
2024-03,education,110.6
2024-03,food_and_non_alcoholic_beverages,112.1
2024-03,furnishings_household_equipment_and_routine_household_maintenance,109.6
2024-03,general,105.4
2024-03,health,104.6
2024-03,housing_water_electricity_gas_and_other_fuels,102.8
2024-03,miscellaneous_goods_and_services,110.8
2024-03,recreation_and_culture,107.2
2024-03,restaurants_and_hotels,107.8
2024-03,transport,100.4
2024-04,alcoholic_beverages_tobacco_and_narcotics,207.8
2024-04,clothing_and_footwear,100.3
2024-04,communication,97.4
2024-04,education,110.6
2024-04,food_and_non_alcoholic_beverages,112.1
2024-04,furnishings_household_equipment_and_routine_household_maintenance,110.1
2024-04,general,105.5
2024-04,health,104.6
2024-04,housing_water_electricity_gas_and_other_fuels,102.8
2024-04,miscellaneous_goods_and_services,112.5
2024-04,recreation_and_culture,107.3
2024-04,restaurants_and_hotels,108.3
2024-04,transport,100.2
2024-05,alcoholic_beverages_tobacco_and_narcotics,207.8
2024-05,clothing_and_footwear,100.3
2024-05,communication,97.4
2024-05,education,110.6
2024-05,food_and_non_alcoholic_beverages,113.6
2024-05,furnishings_household_equipment_and_routine_household_maintenance,110.2
2024-05,general,105.8
2024-05,health,107.1
2024-05,housing_water_electricity_gas_and_other_fuels,101.9
2024-05,miscellaneous_goods_and_services,112.3
2024-05,recreation_and_culture,107.2
2024-05,restaurants_and_hotels,108.2
2024-05,transport,102.0
2024-06,alcoholic_beverages_tobacco_and_narcotics,207.8
2024-06,clothing_and_footwear,100.3
2024-06,communication,97.4
2024-06,education,110.6
2024-06,food_and_non_alcoholic_beverages,115.0
2024-06,furnishings_household_equipment_and_routine_household_maintenance,110.1
2024-06,general,105.9
2024-06,health,107.1
2024-06,housing_water_electricity_gas_and_other_fuels,101.4
2024-06,miscellaneous_goods_and_services,111.9
2024-06,recreation_and_culture,107.5
2024-06,restaurants_and_hotels,108.3
2024-06,transport,101.8
2024-07,alcoholic_beverages_tobacco_and_narcotics,207.8
2024-07,clothing_and_footwear,100.5
2024-07,communication,97.4
2024-07,education,110.6
2024-07,food_and_non_alcoholic_beverages,116.7
2024-07,furnishings_household_equipment_and_routine_household_maintenance,110.0
2024-07,general,106.3
2024-07,health,107.1
2024-07,housing_water_electricity_gas_and_other_fuels,101.4
2024-07,miscellaneous_goods_and_services,112.3
2024-07,recreation_and_culture,107.8
2024-07,restaurants_and_hotels,108.5
2024-07,transport,102.2
2024-08,alcoholic_beverages_tobacco_and_narcotics,207.8
2024-08,clothing_and_footwear,100.5
2024-08,communication,97.4
2024-08,education,110.6
2024-08,food_and_non_alcoholic_beverages,116.7
2024-08,furnishings_household_equipment_and_routine_household_maintenance,110.0
2024-08,general,106.1
2024-08,health,107.1
2024-08,housing_water_electricity_gas_and_other_fuels,101.4
2024-08,miscellaneous_goods_and_services,113.5
2024-08,recreation_and_culture,107.8
2024-08,restaurants_and_hotels,108.4
2024-08,transport,100.5
2024-09,alcoholic_beverages_tobacco_and_narcotics,207.8
2024-09,clothing_and_footwear,100.5
2024-09,communication,97.4
2024-09,education,110.6
2024-09,food_and_non_alcoholic_beverages,115.5
2024-09,furnishings_household_equipment_and_routine_household_maintenance,110.0
2024-09,general,106.1
2024-09,health,107.1
2024-09,housing_water_electricity_gas_and_other_fuels,102.8
2024-09,miscellaneous_goods_and_services,113.4
2024-09,recreation_and_culture,107.7
2024-09,restaurants_and_hotels,108.3
2024-09,transport,99.3
2024-10,alcoholic_beverages_tobacco_and_narcotics,207.8
2024-10,clothing_and_footwear,100.7
2024-10,communication,97.4
2024-10,education,110.6
2024-10,food_and_non_alcoholic_beverages,115.5
2024-10,furnishings_household_equipment_and_routine_household_maintenance,110.1
2024-10,general,106.4
2024-10,health,107.9
2024-10,housing_water_electricity_gas_and_other_fuels,102.8
2024-10,miscellaneous_goods_and_services,114.6
2024-10,recreation_and_culture,107.8
2024-10,restaurants_and_hotels,108.7
2024-10,transport,100.3
2024-11,alcoholic_beverages_tobacco_and_narcotics,207.8
2024-11,clothing_and_footwear,100.7
2024-11,communication,97.4
2024-11,education,110.6
2024-11,food_and_non_alcoholic_beverages,114.2
2024-11,furnishings_household_equipment_and_routine_household_maintenance,110.1
2024-11,general,106.3
2024-11,health,107.9
2024-11,housing_water_electricity_gas_and_other_fuels,102.8
2024-11,miscellaneous_goods_and_services,115.1
2024-11,recreation_and_culture,107.8
2024-11,restaurants_and_hotels,108.7
2024-11,transport,100.9
2024-12,alcoholic_beverages_tobacco_and_narcotics,207.8
2024-12,clothing_and_footwear,100.7
2024-12,communication,97.4
2024-12,education,110.6
2024-12,food_and_non_alcoholic_beverages,114.5
2024-12,furnishings_household_equipment_and_routine_household_maintenance,110.2
2024-12,general,106.3
2024-12,health,107.9
2024-12,housing_water_electricity_gas_and_other_fuels,102.8
2024-12,miscellaneous_goods_and_services,114.8
2024-12,recreation_and_culture,107.8
2024-12,restaurants_and_hotels,108.8
2024-12,transport,101.0
2025-01,alcoholic_beverages_tobacco_and_narcotics,207.8
2025-01,clothing_and_footwear,100.8
2025-01,communication,97.4
2025-01,education,110.6
2025-01,food_and_non_alcoholic_beverages,114.4
2025-01,furnishings_household_equipment_and_routine_household_maintenance,110.2
2025-01,general,106.7
2025-01,health,107.9
2025-01,housing_water_electricity_gas_and_other_fuels,102.8
2025-01,miscellaneous_goods_and_services,114.4
2025-01,recreation_and_culture,107.7
2025-01,restaurants_and_hotels,108.8
2025-01,transport,103.6
2025-02,alcoholic_beverages_tobacco_and_narcotics,207.8
2025-02,clothing_and_footwear,100.8
2025-02,communication,97.4
2025-02,education,110.6
2025-02,food_and_non_alcoholic_beverages,111.9
2025-02,furnishings_household_equipment_and_routine_household_maintenance,109.9
2025-02,general,106.3
2025-02,health,107.9
2025-02,housing_water_electricity_gas_and_other_fuels,102.8
2025-02,miscellaneous_goods_and_services,116.6
2025-02,recreation_and_culture,107.6
2025-02,restaurants_and_hotels,108.8
2025-02,transport,104.1
2025-03,alcoholic_beverages_tobacco_and_narcotics,207.8
2025-03,clothing_and_footwear,100.8
2025-03,communication,97.4
2025-03,education,110.6
2025-03,food_and_non_alcoholic_beverages,111.3
2025-03,furnishings_household_equipment_and_routine_household_maintenance,109.9
2025-03,general,105.9
2025-03,health,107.9
2025-03,housing_water_electricity_gas_and_other_fuels,102.8
2025-03,miscellaneous_goods_and_services,117.4
2025-03,recreation_and_culture,107.6
2025-03,restaurants_and_hotels,108.6
2025-03,transport,102.2
2025-04,alcoholic_beverages_tobacco_and_narcotics,207.8
2025-04,clothing_and_footwear,100.9
2025-04,communication,97.4
2025-04,education,110.6
2025-04,food_and_non_alcoholic_beverages,112.0
2025-04,furnishings_household_equipment_and_routine_household_maintenance,109.9
2025-04,general,106.4
2025-04,health,107.9
2025-04,housing_water_electricity_gas_and_other_fuels,102.8
2025-04,miscellaneous_goods_and_services,120.2
2025-04,recreation_and_culture,107.5
2025-04,restaurants_and_hotels,109.9
2025-04,transport,103.3
2025-05,alcoholic_beverages_tobacco_and_narcotics,207.8
2025-05,clothing_and_footwear,100.9
2025-05,communication,97.4
2025-05,education,110.6
2025-05,food_and_non_alcoholic_beverages,112.7
2025-05,furnishings_household_equipment_and_routine_household_maintenance,109.9
2025-05,general,106.4
2025-05,health,107.9
2025-05,housing_water_electricity_gas_and_other_fuels,101.9
2025-05,miscellaneous_goods_and_services,119.3
2025-05,recreation_and_culture,107.5
2025-05,restaurants_and_hotels,109.8
2025-05,transport,104.5
2025-06,alcoholic_beverages_tobacco_and_narcotics,207.8
2025-06,clothing_and_footwear,100.9
2025-06,communication,97.4
2025-06,education,110.6
2025-06,food_and_non_alcoholic_beverages,114.4
2025-06,furnishings_household_equipment_and_routine_household_maintenance,109.8
2025-06,general,106.7
2025-06,health,107.9
2025-06,housing_water_electricity_gas_and_other_fuels,101.4
2025-06,miscellaneous_goods_and_services,120.3
2025-06,recreation_and_culture,107.5
2025-06,restaurants_and_hotels,109.8
2025-06,transport,104.9
2025-07,alcoholic_beverages_tobacco_and_narcotics,207.8
2025-07,clothing_and_footwear,100.9
2025-07,communication,97.4
2025-07,education,110.6
2025-07,food_and_non_alcoholic_beverages,115.0
2025-07,furnishings_household_equipment_and_routine_household_maintenance,109.9
2025-07,general,107.1
2025-07,health,108.0
2025-07,housing_water_electricity_gas_and_other_fuels,101.4
2025-07,miscellaneous_goods_and_services,119.7
2025-07,recreation_and_culture,107.5
2025-07,restaurants_and_hotels,111.2
2025-07,transport,106.2
2025-08,alcoholic_beverages_tobacco_and_narcotics,207.8
2025-08,clothing_and_footwear,100.9
2025-08,communication,97.4
2025-08,education,110.6
2025-08,food_and_non_alcoholic_beverages,114.7
2025-08,furnishings_household_equipment_and_routine_household_maintenance,109.9
2025-08,general,106.6
2025-08,health,108.0
2025-08,housing_water_electricity_gas_and_other_fuels,101.4
2025-08,miscellaneous_goods_and_services,120.3
2025-08,recreation_and_culture,107.5
2025-08,restaurants_and_hotels,111.1
2025-08,transport,103.2
2025-09,alcoholic_beverages_tobacco_and_narcotics,207.8
2025-09,clothing_and_footwear,100.9
2025-09,communication,97.4
2025-09,education,110.6
2025-09,food_and_non_alcoholic_beverages,114.9
2025-09,furnishings_household_equipment_and_routine_household_maintenance,109.9
2025-09,general,107.3
2025-09,health,108.0
2025-09,housing_water_electricity_gas_and_other_fuels,102.8
2025-09,miscellaneous_goods_and_services,122.1
2025-09,recreation_and_culture,107.5
2025-09,restaurants_and_hotels,111.1
2025-09,transport,103.7
2025-10,alcoholic_beverages_tobacco_and_narcotics,207.8
2025-10,clothing_and_footwear,100.9
2025-10,communication,97.4
2025-10,education,113.0
2025-10,food_and_non_alcoholic_beverages,116.0
2025-10,furnishings_household_equipment_and_routine_household_maintenance,112.9
2025-10,general,108.0
2025-10,health,108.0
2025-10,housing_water_electricity_gas_and_other_fuels,102.8
2025-10,miscellaneous_goods_and_services,124.7
2025-10,recreation_and_culture,107.5
2025-10,restaurants_and_hotels,111.4
2025-10,transport,104.3
2025-11,alcoholic_beverages_tobacco_and_narcotics,207.8
2025-11,clothing_and_footwear,100.9
2025-11,communication,97.4
2025-11,education,113.0
2025-11,food_and_non_alcoholic_beverages,115.2
2025-11,furnishings_household_equipment_and_routine_household_maintenance,112.8
2025-11,general,108.0
2025-11,health,108.0
2025-11,housing_water_electricity_gas_and_other_fuels,102.8
2025-11,miscellaneous_goods_and_services,125.5
2025-11,recreation_and_culture,107.7
2025-11,restaurants_and_hotels,111.6
2025-11,transport,105.4
2025-12,alcoholic_beverages_tobacco_and_narcotics,207.8
2025-12,clothing_and_footwear,100.9
2025-12,communication,97.4
2025-12,education,113.0
2025-12,food_and_non_alcoholic_beverages,115.8
2025-12,furnishings_household_equipment_and_routine_household_maintenance,112.8
2025-12,general,107.9
2025-12,health,108.0
2025-12,housing_water_electricity_gas_and_other_fuels,102.8
2025-12,miscellaneous_goods_and_services,126.3
2025-12,recreation_and_culture,107.7
2025-12,restaurants_and_hotels,111.5
2025-12,transport,103.8
2026-01,alcoholic_beverages_tobacco_and_narcotics,207.8
2026-01,clothing_and_footwear,100.9
2026-01,communication,97.4
2026-01,education,113.0
2026-01,food_and_non_alcoholic_beverages,115.4
2026-01,furnishings_household_equipment_and_routine_household_maintenance,113.0
2026-01,general,108.2
2026-01,health,109.8
2026-01,housing_water_electricity_gas_and_other_fuels,102.8
2026-01,miscellaneous_goods_and_services,129.4
2026-01,recreation_and_culture,107.7
2026-01,restaurants_and_hotels,115.2
2026-01,transport,103.3
2026-02,alcoholic_beverages_tobacco_and_narcotics,207.8
2026-02,clothing_and_footwear,100.9
2026-02,communication,97.4
2026-02,education,113.0
2026-02,food_and_non_alcoholic_beverages,115.1
2026-02,furnishings_household_equipment_and_routine_household_maintenance,113.2
2026-02,general,108.4
2026-02,health,109.8
2026-02,housing_water_electricity_gas_and_other_fuels,102.8
2026-02,miscellaneous_goods_and_services,132.2
2026-02,recreation_and_culture,107.7
2026-02,restaurants_and_hotels,115.0
2026-02,transport,104.3
2026-03,alcoholic_beverages_tobacco_and_narcotics,207.8
2026-03,clothing_and_footwear,100.9
2026-03,communication,97.4
2026-03,education,113.0
2026-03,food_and_non_alcoholic_beverages,116.1
2026-03,furnishings_household_equipment_and_routine_household_maintenance,113.2
2026-03,general,109.8
2026-03,health,109.8
2026-03,housing_water_electricity_gas_and_other_fuels,102.8
2026-03,miscellaneous_goods_and_services,133.6
2026-03,recreation_and_culture,107.7
2026-03,restaurants_and_hotels,114.9
2026-03,transport,111.7
2026-04,alcoholic_beverages_tobacco_and_narcotics,207.8
2026-04,clothing_and_footwear,100.9
2026-04,communication,97.4
2026-04,education,113.0
2026-04,food_and_non_alcoholic_beverages,119.0
2026-04,furnishings_household_equipment_and_routine_household_maintenance,113.2
2026-04,general,109.9
2026-04,health,109.8
2026-04,housing_water_electricity_gas_and_other_fuels,102.9
2026-04,miscellaneous_goods_and_services,131.1
2026-04,recreation_and_culture,107.7
2026-04,restaurants_and_hotels,114.9
2026-04,transport,109.5
2026-05,alcoholic_beverages_tobacco_and_narcotics,207.8
2026-05,clothing_and_footwear,100.9
2026-05,communication,97.4
2026-05,education,113.0
2026-05,food_and_non_alcoholic_beverages,120.2
2026-05,furnishings_household_equipment_and_routine_household_maintenance,113.3
2026-05,general,110.4
2026-05,health,109.8
2026-05,housing_water_electricity_gas_and_other_fuels,101.6
2026-05,miscellaneous_goods_and_services,130.8
2026-05,recreation_and_culture,107.9
2026-05,restaurants_and_hotels,114.9
2026-05,transport,114.1
