month,fuel_type,price_baisa,source
2015-12,diesel,146,archive-corroborated
2015-12,m91,114,archive-corroborated
2015-12,m95,120,archive-corroborated
2016-01,diesel,160,archive-corroborated
2016-01,m91,140,archive-corroborated
2016-01,m95,160,archive-corroborated
2016-02,diesel,146,archive-single-source
2016-02,m91,137,archive-single-source
2016-02,m95,153,archive-single-source
2016-03,diesel,146,archive-single-source
2016-03,m91,130,archive-single-source
2016-03,m95,145,archive-single-source
2016-04,diesel,163,archive-single-source
2016-04,m91,145,archive-single-source
2016-04,m95,158,archive-single-source
2016-05,diesel,166,archive-single-source
2016-05,m91,149,archive-single-source
2016-05,m95,161,archive-single-source
2016-06,diesel,185,archive-single-source
2016-06,m91,170,archive-single-source
2016-06,m95,180,archive-single-source
2016-07,diesel,188,archive-corroborated
2016-07,m91,170,archive-corroborated
2016-07,m95,180,archive-corroborated
2016-08,diesel,178,archive-corroborated
2016-08,m91,156,archive-corroborated
2016-08,m95,166,archive-corroborated
2016-09,diesel,176,archive-corroborated
2016-09,m91,161,archive-corroborated
2016-09,m95,170,archive-corroborated
2016-10,diesel,185,archive-corroborated
2016-10,m91,169,archive-corroborated
2016-10,m95,179,archive-corroborated
2016-11,diesel,187,archive-corroborated
2016-11,m91,173,archive-corroborated
2016-11,m95,183,archive-corroborated
2016-12,diesel,177,archive-corroborated
2016-12,m91,165,archive-corroborated
2016-12,m95,176,archive-corroborated
2017-01,diesel,195,archive-corroborated
2017-01,m91,176,archive-corroborated
2017-01,m95,186,archive-corroborated
2017-02,diesel,205,archive-corroborated
2017-02,m91,186,archive-corroborated
2017-02,m95,196,archive-corroborated
2017-03,diesel,208,archive-corroborated
2017-03,m91,186,archive-corroborated
2017-03,m95,198,archive-corroborated
2017-04,diesel,200,archive-corroborated
2017-04,m91,180,archive-corroborated
2017-04,m95,192,archive-corroborated
2017-05,diesel,204,archive-corroborated
2017-05,m91,186,archive-corroborated
2017-05,m95,199,archive-corroborated
2017-06,diesel,197,archive-corroborated
2017-06,m91,180,archive-corroborated
2017-06,m95,191,archive-corroborated
2017-07,diesel,192,archive-corroborated
2017-07,m91,175,archive-corroborated
2017-07,m95,183,archive-corroborated
2017-08,diesel,196,archive-corroborated
2017-08,m91,178,archive-corroborated
2017-08,m95,186,archive-corroborated
2017-09,diesel,201,archive-corroborated
2017-09,m91,186,archive-corroborated
2017-09,m95,196,archive-corroborated
2017-10,diesel,211,archive-corroborated
2017-10,m91,186,archive-corroborated
2017-10,m95,205,archive-corroborated
2017-11,diesel,213,archive-corroborated
2017-11,m91,186,archive-corroborated
2017-11,m95,201,archive-corroborated
2017-12,diesel,219,archive-corroborated
2017-12,m91,186,archive-corroborated
2017-12,m95,209,archive-corroborated
2018-01,diesel,230,archive-corroborated
2018-01,m91,199,archive-corroborated
2018-01,m95,213,archive-corroborated
2018-02,diesel,244,archive-corroborated
2018-02,m91,207,archive-corroborated
2018-02,m95,218,archive-corroborated
2018-03,diesel,238,archive-corroborated
2018-03,m91,205,archive-corroborated
2018-03,m95,216,archive-corroborated
2018-04,diesel,238,archive-corroborated
2018-04,m91,205,archive-corroborated
2018-04,m95,216,archive-corroborated
2018-05,diesel,245,archive-corroborated
2018-05,m91,212,archive-corroborated
2018-05,m95,222,archive-corroborated
2018-06,diesel,249,archive-corroborated
2018-06,m91,215,archive-corroborated
2018-06,m95,226,archive-corroborated
2018-07,diesel,245,archive-corroborated
2018-07,m91,214,archive-corroborated
2018-07,m95,225,archive-corroborated
2018-08,diesel,245,archive-corroborated
2018-08,m91,214,archive-corroborated
2018-08,m95,225,archive-corroborated
2018-09,diesel,252,archive-corroborated
2018-09,m91,218,archive-corroborated
2018-09,m95,229,archive-corroborated
2018-10,diesel,258,archive-corroborated
2018-10,m91,222,archive-corroborated
2018-10,m95,233,archive-corroborated
2018-11,diesel,261,archive-news-resolved
2018-11,m91,222,archive-news-resolved
2018-11,m95,233,archive-news-resolved
2018-12,diesel,251,archive-news-resolved
2018-12,m91,211,archive-news-resolved
2018-12,m95,223,archive-news-resolved
2019-01,diesel,238,archive-corroborated
2019-01,m91,198,archive-corroborated
2019-01,m95,209,archive-corroborated
2019-02,diesel,238,archive-corroborated
2019-02,m91,198,archive-corroborated
2019-02,m95,209,archive-corroborated
2019-03,diesel,238,archive-corroborated
2019-03,m91,198,archive-corroborated
2019-03,m95,209,archive-corroborated
2019-04,diesel,245,archive-corroborated
2019-04,m91,203,archive-corroborated
2019-04,m95,214,archive-corroborated
2019-05,diesel,251,archive-corroborated
2019-05,m91,210,archive-corroborated
2019-05,m95,221,archive-corroborated
2019-06,diesel,251,archive-corroborated
2019-06,m91,210,archive-corroborated
2019-06,m95,221,archive-corroborated
2019-07,diesel,245,archive-corroborated
2019-07,m91,205,archive-corroborated
2019-07,m95,215,archive-corroborated
2019-08,diesel,250,archive-corroborated
2019-08,m91,210,archive-corroborated
2019-08,m95,220,archive-corroborated
2019-09,diesel,241,archive-corroborated
2019-09,m91,201,archive-corroborated
2019-09,m95,211,archive-corroborated
2019-10,diesel,245,archive-news-resolved
2019-10,m91,207,archive-news-resolved
2019-10,m95,217,archive-news-resolved
2019-11,diesel,240,archive-news-resolved
2019-11,m91,203,archive-news-resolved
2019-11,m95,216,archive-news-resolved
2019-12,diesel,240,archive-corroborated
2019-12,m91,211,archive-corroborated
2019-12,m95,222,archive-corroborated
2020-01,diesel,240,archive-corroborated
2020-01,m91,211,archive-corroborated
2020-01,m95,222,archive-corroborated
2020-02,diesel,235,archive-corroborated
2020-02,m91,205,archive-corroborated
2020-02,m95,215,archive-corroborated
2020-03,diesel,229,archive-corroborated
2020-03,m91,200,archive-corroborated
2020-03,m95,210,archive-corroborated
2020-04,diesel,217,archive-corroborated
2020-04,m91,180,archive-corroborated
2020-04,m95,192,archive-corroborated
2020-05,diesel,217,archive-corroborated
2020-05,m91,180,archive-corroborated
2020-05,m95,192,archive-corroborated
2020-06,diesel,217,archive-corroborated
2020-06,m91,180,archive-corroborated
2020-06,m95,192,archive-corroborated
2020-07,diesel,225,archive-corroborated
2020-07,m91,189,archive-corroborated
2020-07,m95,200,archive-corroborated
2020-08,diesel,225,archive-corroborated
2020-08,m91,189,archive-corroborated
2020-08,m95,200,archive-corroborated
2020-09,diesel,214,archive-corroborated
2020-09,m91,183,archive-corroborated
2020-09,m95,194,archive-corroborated
2020-10,diesel,209,archive-corroborated
2020-10,m91,183,archive-corroborated
2020-10,m95,194,archive-corroborated
2020-11,diesel,209,archive-corroborated
2020-11,m91,183,archive-corroborated
2020-11,m95,194,archive-corroborated
2020-12,diesel,209,archive-corroborated
2020-12,m91,180,archive-corroborated
2020-12,m95,194,archive-corroborated
2021-01,diesel,209,archive-corroborated
2021-01,m91,180,archive-corroborated
2021-01,m95,194,archive-corroborated
2021-02,diesel,209,archive-corroborated
2021-02,m91,188,archive-corroborated
2021-02,m95,202,archive-corroborated
2021-03,diesel,222,archive-corroborated
2021-03,m91,200,archive-corroborated
2021-03,m95,214,archive-corroborated
2021-04,diesel,222,archive-corroborated
2021-04,m91,205,archive-corroborated
2021-04,m95,216,archive-corroborated
2021-05,diesel,228,archive-corroborated
2021-05,m91,215,archive-corroborated
2021-05,m95,227,archive-corroborated
2021-06,diesel,234,archive-corroborated
2021-06,m91,215,archive-corroborated
2021-06,m95,227,archive-corroborated
2021-07,diesel,247,archive-corroborated
2021-07,m91,227,archive-corroborated
2021-07,m95,237,archive-corroborated
2021-08,diesel,247,archive-corroborated
2021-08,m91,227,archive-corroborated
2021-08,m95,237,archive-corroborated
2021-09,diesel,247,archive-corroborated
2021-09,m91,226,archive-corroborated
2021-09,m95,237,archive-corroborated
2021-10,diesel,258,archive-corroborated
2021-10,m91,229,archive-corroborated
2021-10,m95,239,archive-corroborated
2021-11,diesel,275,archive-corroborated
2021-11,m91,233,archive-corroborated
2021-11,m95,242,archive-corroborated
2021-12,diesel,258,archive-corroborated
2021-12,m91,229,archive-corroborated
2021-12,m95,239,archive-corroborated
2022-01,diesel,258,archive-corroborated
2022-01,m91,229,archive-corroborated
2022-01,m95,239,archive-corroborated
2022-02,diesel,258,archive-corroborated
2022-02,m91,229,archive-corroborated
2022-02,m95,239,archive-corroborated
2022-03,diesel,258,archive-corroborated
2022-03,m91,229,archive-corroborated
2022-03,m95,239,archive-corroborated
2022-04,diesel,258,archive-corroborated
2022-04,m91,229,archive-corroborated
2022-04,m95,239,archive-corroborated
2022-05,diesel,258,archive-corroborated
2022-05,m91,229,archive-corroborated
2022-05,m95,239,archive-corroborated
2022-06,diesel,258,archive-corroborated
2022-06,m91,229,archive-corroborated
2022-06,m95,239,archive-corroborated
2022-07,diesel,258,archive-corroborated
2022-07,m91,229,archive-corroborated
2022-07,m95,239,archive-corroborated
2022-08,diesel,258,archive-corroborated
2022-08,m91,229,archive-corroborated
2022-08,m95,239,archive-corroborated
2022-09,diesel,258,archive-corroborated
2022-09,m91,229,archive-corroborated
2022-09,m95,239,archive-corroborated
2022-10,diesel,258,archive-corroborated
2022-10,m91,229,archive-corroborated
2022-10,m95,239,archive-corroborated
2022-11,diesel,258,archive-corroborated
2022-11,m91,229,archive-corroborated
2022-11,m95,239,archive-corroborated
2022-12,diesel,258,archive-single-source
2022-12,m91,229,archive-single-source
2022-12,m95,239,archive-single-source
2023-01,diesel,258,archive-corroborated
2023-01,m91,229,archive-corroborated
2023-01,m95,239,archive-corroborated
2023-02,diesel,258,subsidy-cap-freeze
2023-02,m91,229,subsidy-cap-freeze
2023-02,m95,239,subsidy-cap-freeze
2023-03,diesel,258,subsidy-cap-freeze
2023-03,m91,229,subsidy-cap-freeze
2023-03,m95,239,subsidy-cap-freeze
2023-04,diesel,258,subsidy-cap-freeze
2023-04,m91,229,subsidy-cap-freeze
2023-04,m95,239,subsidy-cap-freeze
2023-05,diesel,258,subsidy-cap-freeze
2023-05,m91,229,subsidy-cap-freeze
2023-05,m95,239,subsidy-cap-freeze
2023-06,diesel,258,subsidy-cap-freeze
2023-06,m91,229,subsidy-cap-freeze
2023-06,m95,239,subsidy-cap-freeze
2023-07,diesel,258,subsidy-cap-freeze
2023-07,m91,229,subsidy-cap-freeze
2023-07,m95,239,subsidy-cap-freeze
2023-08,diesel,258,subsidy-cap-freeze
2023-08,m91,229,subsidy-cap-freeze
2023-08,m95,239,subsidy-cap-freeze
2023-09,diesel,258,subsidy-cap-freeze
2023-09,m91,229,subsidy-cap-freeze
2023-09,m95,239,subsidy-cap-freeze
2023-10,diesel,258,subsidy-cap-freeze
2023-10,m91,229,subsidy-cap-freeze
2023-10,m95,239,subsidy-cap-freeze
2023-11,diesel,258,subsidy-cap-freeze
2023-11,m91,229,subsidy-cap-freeze
2023-11,m95,239,subsidy-cap-freeze
2023-12,diesel,258,subsidy-cap-freeze
2023-12,m91,229,subsidy-cap-freeze
2023-12,m95,239,subsidy-cap-freeze
2024-01,diesel,258,subsidy-cap-freeze
2024-01,m91,229,subsidy-cap-freeze
2024-01,m95,239,subsidy-cap-freeze
2024-02,diesel,258,subsidy-cap-freeze
2024-02,m91,229,subsidy-cap-freeze
2024-02,m95,239,subsidy-cap-freeze
2024-03,diesel,258,subsidy-cap-freeze
2024-03,m91,229,subsidy-cap-freeze
2024-03,m95,239,subsidy-cap-freeze
2024-04,diesel,258,subsidy-cap-freeze
2024-04,m91,229,subsidy-cap-freeze
2024-04,m95,239,subsidy-cap-freeze
2024-05,diesel,258,subsidy-cap-freeze
2024-05,m91,229,subsidy-cap-freeze
2024-05,m95,239,subsidy-cap-freeze
2024-06,diesel,258,subsidy-cap-freeze
2024-06,m91,229,subsidy-cap-freeze
2024-06,m95,239,subsidy-cap-freeze
2024-07,diesel,258,subsidy-cap-freeze
2024-07,m91,229,subsidy-cap-freeze
2024-07,m95,239,subsidy-cap-freeze
2024-08,diesel,258,subsidy-cap-freeze
2024-08,m91,229,subsidy-cap-freeze
2024-08,m95,239,subsidy-cap-freeze
2024-09,diesel,258,subsidy-cap-freeze
2024-09,m91,229,subsidy-cap-freeze
2024-09,m95,239,subsidy-cap-freeze
2024-10,diesel,258,subsidy-cap-freeze
2024-10,m91,229,subsidy-cap-freeze
2024-10,m95,239,subsidy-cap-freeze
2024-11,diesel,258,subsidy-cap-freeze
2024-11,m91,229,subsidy-cap-freeze
2024-11,m95,239,subsidy-cap-freeze
2024-12,diesel,258,subsidy-cap-freeze
2024-12,m91,229,subsidy-cap-freeze
2024-12,m95,239,subsidy-cap-freeze
2025-01,diesel,258,subsidy-cap-freeze
2025-01,m91,229,subsidy-cap-freeze
2025-01,m95,239,subsidy-cap-freeze
2025-02,diesel,258,subsidy-cap-freeze
2025-02,m91,229,subsidy-cap-freeze
2025-02,m95,239,subsidy-cap-freeze
2025-03,diesel,258,subsidy-cap-freeze
2025-03,m91,229,subsidy-cap-freeze
2025-03,m95,239,subsidy-cap-freeze
2025-04,diesel,258,subsidy-cap-freeze
2025-04,m91,229,subsidy-cap-freeze
2025-04,m95,239,subsidy-cap-freeze
2025-05,diesel,258,subsidy-cap-freeze
2025-05,m91,229,subsidy-cap-freeze
2025-05,m95,239,subsidy-cap-freeze
2025-06,diesel,258,subsidy-cap-freeze
2025-06,m91,229,subsidy-cap-freeze
2025-06,m95,239,subsidy-cap-freeze
2025-07,diesel,258,subsidy-cap-freeze
2025-07,m91,229,subsidy-cap-freeze
2025-07,m95,239,subsidy-cap-freeze
2025-08,diesel,258,subsidy-cap-freeze
2025-08,m91,229,subsidy-cap-freeze
2025-08,m95,239,subsidy-cap-freeze
2025-09,diesel,258,subsidy-cap-freeze
2025-09,m91,229,subsidy-cap-freeze
2025-09,m95,239,subsidy-cap-freeze
2025-10,diesel,258,subsidy-cap-freeze
2025-10,m91,229,subsidy-cap-freeze
2025-10,m95,239,subsidy-cap-freeze
2025-11,diesel,258,subsidy-cap-freeze
2025-11,m91,229,subsidy-cap-freeze
2025-11,m95,239,subsidy-cap-freeze
2025-12,diesel,258,subsidy-cap-freeze
2025-12,m91,229,subsidy-cap-freeze
2025-12,m95,239,subsidy-cap-freeze
2026-01,diesel,258,subsidy-cap-freeze
2026-01,m91,229,subsidy-cap-freeze
2026-01,m95,239,subsidy-cap-freeze
2026-02,diesel,258,subsidy-cap-freeze
2026-02,m91,229,subsidy-cap-freeze
2026-02,m95,239,subsidy-cap-freeze
2026-03,diesel,258,subsidy-cap-freeze
2026-03,m91,229,subsidy-cap-freeze
2026-03,m95,239,subsidy-cap-freeze
2026-04,diesel,258,subsidy-cap-freeze
2026-04,m91,229,subsidy-cap-freeze
2026-04,m95,239,subsidy-cap-freeze
2026-05,diesel,258,subsidy-cap-freeze
2026-05,m91,229,subsidy-cap-freeze
2026-05,m95,239,subsidy-cap-freeze
2026-06,diesel,258,subsidy-cap-freeze
2026-06,m91,229,subsidy-cap-freeze
2026-06,m95,239,subsidy-cap-freeze
