month,flow,value_omr_mn
2006-07,exports,778.1
2006-07,imports,327.2
2006-07,re_exports,63.2
2006-08,exports,674.0
2006-08,imports,381.1
2006-08,re_exports,65.2
2006-09,exports,665.1
2006-09,imports,348.5
2006-09,re_exports,66.6
2006-10,exports,690.1
2006-10,imports,358.6
2006-10,re_exports,68.3
2006-11,exports,660.7
2006-11,imports,418.1
2006-11,re_exports,75.9
2006-12,exports,746.0
2006-12,imports,399.8
2006-12,re_exports,72.6
2007-01,exports,597.3
2007-01,imports,402.8
2007-01,re_exports,71.9
2007-02,exports,777.4
2007-02,imports,470.3
2007-02,re_exports,81.6
2007-03,exports,686.8
2007-03,imports,465.0
2007-03,re_exports,82.1
2007-04,exports,693.5
2007-04,imports,487.5
2007-04,re_exports,92.2
2007-05,exports,732.1
2007-05,imports,547.1
2007-05,re_exports,94.3
2007-06,exports,690.1
2007-06,imports,352.2
2007-06,re_exports,63.8
2007-07,exports,804.5
2007-07,imports,552.3
2007-07,re_exports,81.7
2007-08,exports,831.6
2007-08,imports,566.6
2007-08,re_exports,89.0
2007-09,exports,770.1
2007-09,imports,577.6
2007-09,re_exports,73.6
2007-10,exports,776.4
2007-10,imports,579.3
2007-10,re_exports,77.1
2007-11,exports,953.4
2007-11,imports,546.6
2007-11,re_exports,98.0
2007-12,exports,989.0
2007-12,imports,617.6
2007-12,re_exports,98.7
2008-01,exports,994.1
2008-01,imports,645.5
2008-01,re_exports,116.0
2008-02,exports,1035.9
2008-02,imports,616.4
2008-02,re_exports,98.7
2008-03,exports,1196.0
2008-03,imports,772.7
2008-03,re_exports,215.2
2008-04,exports,1090.3
2008-04,imports,794.1
2008-04,re_exports,151.3
2008-05,exports,1269.1
2008-05,imports,650.9
2008-05,re_exports,121.7
2008-06,exports,1138.0
2008-06,imports,747.8
2008-06,re_exports,106.4
2008-07,exports,1404.5
2008-07,imports,691.7
2008-07,re_exports,112.9
2008-08,exports,1498.6
2008-08,imports,889.7
2008-08,re_exports,134.7
2008-09,exports,1456.2
2008-09,imports,672.6
2008-09,re_exports,122.0
2008-10,exports,1341.4
2008-10,imports,857.5
2008-10,re_exports,116.7
2008-11,exports,1247.9
2008-11,imports,789.8
2008-11,re_exports,127.7
2008-12,exports,853.2
2008-12,imports,769.9
2008-12,re_exports,92.4
2009-01,exports,844.5
2009-01,imports,736.7
2009-01,re_exports,162.1
2009-02,exports,652.2
2009-02,imports,610.9
2009-02,re_exports,111.7
2009-03,exports,733.7
2009-03,imports,607.4
2009-03,re_exports,133.7
2009-04,exports,716.9
2009-04,imports,548.0
2009-04,re_exports,143.2
2009-05,exports,755.6
2009-05,imports,465.4
2009-05,re_exports,134.4
2009-06,exports,860.2
2009-06,imports,538.4
2009-06,re_exports,236.5
2009-07,exports,877.8
2009-07,imports,506.9
2009-07,re_exports,166.8
2009-08,exports,990.7
2009-08,imports,563.4
2009-08,re_exports,185.2
2009-09,exports,913.0
2009-09,imports,445.2
2009-09,re_exports,116.0
2009-10,exports,1169.2
2009-10,imports,634.3
2009-10,re_exports,210.2
2009-11,exports,1140.6
2009-11,imports,582.8
2009-11,re_exports,173.7
2009-12,exports,1087.1
2009-12,imports,627.7
2009-12,re_exports,147.7
2010-01,exports,1068.9
2010-01,imports,575.2
2010-01,re_exports,144.2
2010-02,exports,1104.6
2010-02,imports,547.0
2010-02,re_exports,167.4
2010-03,exports,1244.5
2010-03,imports,737.3
2010-03,re_exports,196.4
2010-04,exports,1233.4
2010-04,imports,613.2
2010-04,re_exports,137.0
2010-05,exports,1168.2
2010-05,imports,618.4
2010-05,re_exports,141.2
2010-06,exports,1168.7
2010-06,imports,620.9
2010-06,re_exports,134.2
2010-07,exports,1053.8
2010-07,imports,744.6
2010-07,re_exports,122.5
2010-08,exports,1182.9
2010-08,imports,656.6
2010-08,re_exports,161.6
2010-09,exports,1212.0
2010-09,imports,570.6
2010-09,re_exports,233.5
2010-10,exports,1225.1
2010-10,imports,673.2
2010-10,re_exports,169.7
2010-11,exports,1162.1
2010-11,imports,625.4
2010-11,re_exports,169.4
2010-12,exports,1240.8
2010-12,imports,620.7
2010-12,re_exports,144.5
2011-01,exports,1339.3
2011-01,imports,773.2
2011-01,re_exports,176.7
2011-02,exports,1179.4
2011-02,imports,689.1
2011-02,re_exports,176.1
2011-03,exports,1526.2
2011-03,imports,803.1
2011-03,re_exports,229.8
2011-04,exports,1481.7
2011-04,imports,695.2
2011-04,re_exports,225.8
2011-05,exports,1455.4
2011-05,imports,789.3
2011-05,re_exports,121.8
2011-06,exports,1430.6
2011-06,imports,710.3
2011-07,exports,1670.4
2011-07,imports,579.2
2011-08,exports,1596.9
2011-08,imports,780.4
2011-08,re_exports,170.2
2011-09,exports,1582.9
2011-09,imports,764.7
2011-09,re_exports,158.6
2011-10,exports,1555.4
2011-10,imports,869.7
2011-10,re_exports,126.6
2011-11,exports,1554.6
2011-11,imports,683.6
2011-11,re_exports,193.4
2011-12,exports,1734.1
2011-12,imports,954.2
2011-12,re_exports,231.2
2012-01,exports,1489.7
2012-01,imports,796.2
2012-02,exports,1511.2
2012-02,imports,819.6
2012-02,re_exports,227.3
2012-03,exports,1651.7
2012-03,imports,911.7
2012-03,re_exports,173.4
2012-04,exports,1687.4
2012-04,imports,900.5
2012-04,re_exports,242.5
2012-05,exports,1674.0
2012-05,imports,887.8
2012-06,exports,1664.9
2012-06,imports,867.6
2012-06,re_exports,233.8
2012-07,exports,1691.8
2012-07,imports,974.9
2012-07,re_exports,254.8
2012-08,exports,1580.8
2012-08,imports,874.2
2012-08,re_exports,203.3
2012-09,exports,1686.5
2012-09,imports,893.7
2012-09,re_exports,537.7
2012-10,exports,1709.9
2012-10,imports,991.9
2012-10,re_exports,177.7
2012-11,exports,1846.7
2012-11,imports,893.8
2012-11,re_exports,199.3
2012-12,exports,1860.7
2012-12,imports,999.5
2012-12,re_exports,228.1
2013-01,exports,1909.9
2013-01,imports,1012.2
2013-02,exports,1869.7
2013-02,imports,1057.4
2013-03,exports,1800.0
2013-03,imports,1166.8
2013-03,re_exports,255.3
2013-04,exports,1866.7
2013-04,imports,1154.8
2013-04,re_exports,394.3
2013-05,exports,1929.0
2013-05,imports,1076.3
2013-05,re_exports,244.0
2013-06,exports,1767.8
2013-06,imports,1053.8
2013-06,re_exports,290.5
2013-07,exports,1722.3
2013-07,imports,1056.6
2013-07,re_exports,221.7
2013-08,exports,1567.4
2013-08,imports,1107.8
2013-08,re_exports,191.3
2013-09,exports,1943.7
2013-09,imports,1392.1
2013-09,re_exports,290.1
2013-10,exports,1702.2
2013-10,imports,1005.6
2013-10,re_exports,218.3
2013-11,exports,1838.0
2013-11,imports,1021.7
2013-11,re_exports,355.6
2013-12,exports,1851.6
2013-12,imports,1178.0
2013-12,re_exports,291.3
2014-01,exports,1752.2
2014-01,imports,943.1
2014-01,re_exports,249.7
2014-02,exports,1639.5
2014-02,imports,904.8
2014-02,re_exports,230.0
2014-03,exports,1752.3
2014-03,imports,945.8
2014-03,re_exports,280.9
2014-04,exports,1536.2
2014-04,imports,922.8
2014-04,re_exports,278.9
2014-05,exports,1658.0
2014-05,imports,905.0
2014-05,re_exports,240.1
2014-06,exports,1669.4
2014-06,imports,965.4
2014-06,re_exports,283.5
2014-07,exports,1694.8
2014-07,imports,947.9
2014-07,re_exports,218.3
2014-08,exports,1805.1
2014-08,imports,945.2
2014-08,re_exports,231.0
2014-09,exports,1916.8
2014-09,imports,942.5
2014-09,re_exports,241.3
2014-10,exports,1581.5
2014-10,imports,945.0
2014-10,re_exports,195.3
2014-11,exports,1748.0
2014-11,imports,956.3
2014-11,re_exports,283.9
2014-12,exports,1580.0
2014-12,imports,946.0
2014-12,re_exports,216.8
2015-01,exports,1330.6
2015-01,imports,889.7
2015-01,re_exports,156.8
2015-02,exports,1212.3
2015-02,imports,883.1
2015-02,re_exports,193.2
2015-03,exports,988.7
2015-03,imports,921.1
2015-03,re_exports,189.3
2015-04,exports,1015.5
2015-04,imports,926.8
2015-04,re_exports,155.1
2015-05,exports,1084.9
2015-05,imports,921.8
2015-05,re_exports,185.3
2015-06,exports,1193.4
2015-06,imports,992.4
2015-06,re_exports,177.6
2015-07,exports,1254.1
2015-07,imports,998.9
2015-07,re_exports,311.6
2015-08,exports,1167.5
2015-08,imports,970.0
2015-08,re_exports,190.7
2015-09,exports,1201.5
2015-09,imports,872.5
2015-09,re_exports,326.8
2015-10,exports,969.4
2015-10,imports,898.5
2015-10,re_exports,215.1
2015-11,exports,1003.8
2015-11,imports,901.3
2015-11,re_exports,267.1
2015-12,exports,954.1
2015-12,imports,999.3
2015-12,re_exports,204.9
2016-03,exports,741.8
2016-03,imports,594.7
2016-03,re_exports,200.6
2016-04,exports,594.0
2016-04,imports,578.4
2016-04,re_exports,112.7
2016-05,exports,851.8
2016-05,imports,829.9
2016-05,re_exports,206.8
2016-06,exports,922.8
2016-06,imports,757.5
2016-06,re_exports,196.0
2016-07,exports,838.9
2016-07,imports,719.7
2016-07,re_exports,155.6
2016-08,exports,904.0
2016-08,imports,895.6
2016-08,re_exports,162.5
2016-09,exports,807.1
2016-09,imports,717.0
2016-09,re_exports,135.9
2016-10,exports,949.3
2016-10,imports,884.2
2016-10,re_exports,182.4
2016-11,exports,946.9
2016-11,imports,741.0
2016-11,re_exports,176.2
2016-12,exports,894.3
2016-12,imports,714.6
2016-12,re_exports,155.4
2017-01,exports,881.8
2017-01,imports,767.1
2017-01,re_exports,121.7
2017-02,exports,934.1
2017-02,imports,593.8
2017-02,re_exports,109.6
2017-03,exports,1036.5
2017-03,imports,999.0
2017-03,re_exports,131.1
2017-04,exports,1013.4
2017-04,imports,829.1
2017-04,re_exports,110.0
2017-05,exports,1131.6
2017-05,imports,969.6
2017-05,re_exports,184.0
2017-06,exports,836.0
2017-06,imports,639.5
2017-06,re_exports,129.4
2017-07,exports,1051.5
2017-07,imports,875.2
2017-07,re_exports,203.5
2017-08,exports,1067.8
2017-08,imports,972.0
2017-08,re_exports,207.7
2017-09,exports,994.2
2017-09,imports,964.5
2017-09,re_exports,218.9
2017-10,exports,1056.5
2017-10,imports,953.0
2017-10,re_exports,212.3
2017-11,exports,1189.8
2017-11,imports,986.6
2017-11,re_exports,223.9
2017-12,exports,1267.3
2017-12,imports,943.5
2017-12,re_exports,256.5
2018-01,exports,1199.6738670000002
2018-01,imports,861.7698410000002
2018-01,re_exports,131.29546499999998
2018-02,exports,1156.286407
2018-02,imports,771.386042
2018-02,re_exports,159.02621499999998
2018-03,exports,1306.944673
2018-03,imports,824.823411
2018-03,re_exports,146.023491
2018-04,exports,1281.0888900000002
2018-04,imports,865.6035629999998
2018-04,re_exports,147.00686500000003
2018-05,exports,1222.1028890000002
2018-05,imports,838.974198
2018-05,re_exports,130.891479
2018-06,exports,1327.5388790000002
2018-06,imports,806.8816929999998
2018-06,re_exports,167.109398
2018-07,exports,1431.272762
2018-07,imports,847.3348709999999
2018-07,re_exports,165.71316700000006
2018-08,exports,1284.139201
2018-08,imports,801.4922889999998
2018-08,re_exports,125.86059299999997
2018-09,exports,1356.2281699999999
2018-09,imports,893.1004690000001
2018-09,re_exports,154.40350099999995
2018-10,exports,1534.1707310000002
2018-10,imports,814.3844290000001
2018-10,re_exports,179.03101100000003
2018-11,exports,1483.5444690000002
2018-11,imports,708.676993
2018-11,re_exports,164.940254
2018-12,exports,1474.1058400000002
2018-12,imports,874.173654
2018-12,re_exports,171.84224600000005
2019-01,exports,1446.6817019999996
2019-01,imports,792.4338640000001
2019-01,re_exports,117.89332199999997
2019-02,exports,1193.22752
2019-02,imports,691.9390539999998
2019-02,re_exports,115.81477299999999
2019-03,exports,1188.9363809999998
2019-03,imports,765.0026480000002
2019-03,re_exports,114.825011
2019-04,exports,1156.873226
2019-04,imports,753.426003
2019-04,re_exports,114.85844199999998
2019-05,exports,1322.182283
2019-05,imports,810.6952190000001
2019-05,re_exports,118.96764999999996
2019-06,exports,1267.3262200000001
2019-06,imports,685.8372229999998
2019-06,re_exports,114.033734
2019-07,exports,1151.274934
2019-07,imports,770.7580429999998
2019-07,re_exports,104.54613700000002
2019-08,exports,1243.879479
2019-08,imports,786.925649
2019-08,re_exports,108.43551099999999
2019-09,exports,1134.871812
2019-09,imports,728.6564699999999
2019-09,re_exports,107.60466299999999
2019-10,exports,1300.148553
2019-10,imports,776.445679
2019-10,re_exports,171.619998
2019-11,exports,1206.072726
2019-11,imports,656.4034310000001
2019-11,re_exports,124.25214400000002
2019-12,exports,1284.8564009999998
2019-12,imports,819.7452050000003
2019-12,re_exports,151.33580899999993
2020-01,exports,1265.445927
2020-01,imports,1032.6422849999997
2020-01,re_exports,186.89912900000004
2020-02,exports,1272.7674729999999
2020-02,imports,971.6169619999998
2020-02,re_exports,210.04638900000003
2020-03,exports,1194.623746
2020-03,imports,1029.516947
2020-03,re_exports,157.61868199999998
2020-04,exports,1158.240343
2020-04,imports,781.2406020000001
2020-04,re_exports,130.42408999999998
2020-05,exports,766.8920210000001
2020-05,imports,687.8475569999999
2020-05,re_exports,62.021373
2020-06,exports,667.470458
2020-06,imports,792.5187040000002
2020-06,re_exports,87.49783799999999
2020-07,exports,819.6944760000001
2020-07,imports,952.7119250000001
2020-07,re_exports,121.59600399999997
2020-08,exports,845.593475
2020-08,imports,831.0193619999999
2020-08,re_exports,79.971108
2020-09,exports,1029.4356389999998
2020-09,imports,861.406581
2020-09,re_exports,203.97196899999994
2020-10,exports,1015.185733
2020-10,imports,827.8957220000001
2020-10,re_exports,124.213819
2020-11,exports,1026.11628
2020-11,imports,976.541998
2020-11,re_exports,186.14531100000002
2020-12,exports,1168.227933
2020-12,imports,994.0909440000001
2020-12,re_exports,240.11566
2021-01,exports,1167.9121850000001
2021-01,imports,945.310516
2021-01,re_exports,112.48008999999999
2021-02,exports,1064.3835729999998
2021-02,imports,1078.814552
2021-02,re_exports,150.919162
2021-03,exports,1398.038297
2021-03,imports,1170.9453409999999
2021-03,re_exports,139.89896299999998
2021-04,exports,1382.81719
2021-04,imports,964.3744149999999
2021-04,re_exports,157.247197
2021-05,exports,1302.294756
2021-05,imports,832.4793209999999
2021-05,re_exports,80.58870200000001
2021-06,exports,1348.025893
2021-06,imports,1023.88016
2021-06,re_exports,122.30372399999999
2021-07,exports,1336.615184
2021-07,imports,843.362849
2021-07,re_exports,76.39991799999999
2021-08,exports,1457.55288
2021-08,imports,1004.6685120000001
2021-08,re_exports,83.09558400000002
2021-09,exports,1403.388296
2021-09,imports,1085.7843499999997
2021-09,re_exports,95.498334
2021-10,exports,1437.3849989999999
2021-10,imports,922.880905
2021-10,re_exports,92.014769
2021-11,exports,1512.3169269999999
2021-11,imports,965.5118350000001
2021-11,re_exports,84.74741600000003
2021-12,exports,1757.707902
2021-12,imports,1050.059186
2021-12,re_exports,123.211416
2022-01,exports,1909.914247
2022-01,imports,1029.0170959999996
2022-01,re_exports,101.897506
2022-02,exports,1550.617432
2022-02,imports,1035.544311
2022-02,re_exports,88.15012199999998
2022-03,exports,1967.2057820000002
2022-03,imports,1306.7575220000003
2022-03,re_exports,107.22234
2022-04,exports,2044.3431739999996
2022-04,imports,1291.387508
2022-04,re_exports,121.82992900000002
2022-05,exports,2562.666478
2022-05,imports,1386.7745310000005
2022-05,re_exports,89.19412300000002
2022-06,exports,2346.8153190000003
2022-06,imports,1539.6828319999997
2022-06,re_exports,123.23016300000002
2022-07,exports,2286.4211579999997
2022-07,imports,1213.3056309999997
2022-07,re_exports,93.99198700000002
2022-08,exports,2240.916831
2022-08,imports,1401.1402289999999
2022-08,re_exports,126.17068899999995
2022-09,exports,2125.2720749999994
2022-09,imports,1082.481969
2022-09,re_exports,121.29668100000002
2022-10,exports,2154.3289950000003
2022-10,imports,1326.926823
2022-10,re_exports,101.12283899999998
2022-11,exports,2000.43735
2022-11,imports,1088.7549890000003
2022-11,re_exports,134.82406700000004
2022-12,exports,2076.9027960000003
2022-12,imports,1129.556534
2022-12,re_exports,109.123519
2023-01,exports,1968.38628
2023-01,imports,1288.4600529999998
2023-01,re_exports,111.20522899999997
2023-02,exports,1684.0523230000001
2023-02,imports,1028.908876
2023-02,re_exports,115.83115599999998
2023-03,exports,1858.1209629999998
2023-03,imports,1322.112931
2023-03,re_exports,121.51908500000002
2023-04,exports,1773.7700900000002
2023-04,imports,1227.1292760000001
2023-04,re_exports,115.84307100000001
2023-05,exports,1872.743718
2023-05,imports,1370.9764889999997
2023-05,re_exports,189.43028599999997
2023-06,exports,1698.0246570000002
2023-06,imports,992.0217539999999
2023-06,re_exports,106.93097400000002
2023-07,exports,1793.9145250000001
2023-07,imports,1197.8231179999998
2023-07,re_exports,110.22940999999999
2023-08,exports,1896.7556160000001
2023-08,imports,1291.4036559999997
2023-08,re_exports,121.40052800000002
2023-09,exports,2121.676493
2023-09,imports,1260.700559
2023-09,re_exports,108.32598000000002
2023-10,exports,2138.528331
2023-10,imports,1369.8934369999997
2023-10,re_exports,131.23942800000003
2023-11,exports,1990.799671
2023-11,imports,1289.5621139999998
2023-11,re_exports,111.14172799999999
2023-12,exports,2099.19045
2023-12,imports,1270.4594589999997
2023-12,re_exports,144.078434
2024-01,exports,2366.144136
2024-01,imports,1425.1036400000003
2024-01,re_exports,101.50950999999999
2024-02,exports,2015.2467880000002
2024-02,imports,1294.5698590000002
2024-02,re_exports,140.400249
2024-03,exports,2154.454687
2024-03,imports,1169.6584249999996
2024-03,re_exports,192.46790199999998
2024-04,exports,2069.024703
2024-04,imports,1299.1224889999999
2024-04,re_exports,122.57177700000003
2024-05,exports,2054.0168080000003
2024-05,imports,1481.783701
2024-05,re_exports,137.70522100000002
2024-06,exports,2041.962496
2024-06,imports,1333.4116250000002
2024-06,re_exports,171.922565
2024-07,exports,2138.637055
2024-07,imports,1403.8073090000003
2024-07,re_exports,132.67701899999997
2024-08,exports,2086.047686
2024-08,imports,1372.916874
2024-08,re_exports,131.99343599999997
2024-09,exports,1980.281588
2024-09,imports,1382.6884130000005
2024-09,re_exports,168.93658899999997
2024-10,exports,2142.4306129999995
2024-10,imports,1578.2048779999998
2024-10,re_exports,144.71911799999998
2024-11,exports,1973.3762869999998
2024-11,imports,1345.8129430000004
2024-11,re_exports,144.67967599999997
2024-12,exports,2032.3443249999998
2024-12,imports,1625.794224
2024-12,re_exports,118.766633
2025-01,exports,1949.176387
2025-01,imports,1419.4469219999999
2025-01,re_exports,99.81760200000001
2025-02,exports,1713.4184420000001
2025-02,imports,1288.0544629999997
2025-02,re_exports,123.24753700000002
2025-03,exports,2162.352111
2025-03,imports,1586.8563530000001
2025-03,re_exports,128.32155500000002
2025-04,exports,1929.635655
2025-04,imports,1353.4288030000002
2025-04,re_exports,110.14470199999998
2025-05,exports,1865.404601
2025-05,imports,1517.2313429999997
2025-05,re_exports,161.20713
2025-06,exports,1866.250531
2025-06,imports,1223.493273
2025-06,re_exports,192.413201
2025-07,exports,1976.7607730000004
2025-07,imports,1509.365922
2025-07,re_exports,188.732962
2025-08,exports,1832.01579
2025-08,imports,1465.489201
2025-08,re_exports,118.37499699999996
2025-09,exports,1854.848769
2025-09,imports,1447.781686
2025-09,re_exports,143.87141
2025-10,exports,2205.1392490000003
2025-10,imports,1480.999217
2025-10,re_exports,366.6056750000001
2025-11,exports,1909.349075
2025-11,imports,1349.378641
2025-11,re_exports,197.06003999999996
2025-12,exports,2000.044872
2025-12,imports,1519.5466900000001
2025-12,re_exports,225.96900100000002
2026-01,exports,1822.463816
2026-01,imports,1491.073987
2026-01,re_exports,109.626271
2026-02,exports,1678.476633
2026-02,imports,1338.197967
2026-02,re_exports,132.62826799999996
2026-03,exports,1817.774677
2026-03,imports,943.9720090000002
2026-03,re_exports,123.76288699999999
2026-04,exports,2306.1439170000003
2026-04,imports,1761.133374
2026-04,re_exports,403.77622800000006
